TAE_W4-17_1,-1,W4-17_acetaldehyde,2,W4-17_c,1,W4-17_o,4,W4-17_h,1.080223551
TAE_W4-17_2,-1,W4-17_acetic,2,W4-17_c,2,W4-17_o,4,W4-17_h,1.281208716
TAE_W4-17_3,-1,W4-17_alcl,1,W4-17_al,1,W4-17_cl,0.195407556
TAE_W4-17_4,-1,W4-17_alcl3,1,W4-17_al,3,W4-17_cl,0.49822393
TAE_W4-17_5,-1,W4-17_alf,1,W4-17_al,1,W4-17_f,0.261016177
TAE_W4-17_6,-1,W4-17_alf3,1,W4-17_al,3,W4-17_f,0.686778994
TAE_W4-17_7,-1,W4-17_alh,1,W4-17_al,1,W4-17_h,0.117257282
TAE_W4-17_8,-1,W4-17_alh3,1,W4-17_al,3,W4-17_h,0.339708275
TAE_W4-17_9,-1,W4-17_allene,3,W4-17_c,4,W4-17_h,1.122007812
TAE_W4-17_10,-1,W4-17_allyl,3,W4-17_c,5,W4-17_h,1.222062154
TAE_W4-17_11,-1,W4-17_b2,2,W4-17_b,0.10752037
TAE_W4-17_12,-1,W4-17_b2h6,2,W4-17_b,6,W4-17_h,0.967348675
TAE_W4-17_13,-1,W4-17_be2,2,W4-17_be,0.004253325
TAE_W4-17_14,-1,W4-17_becl2,1,W4-17_be,2,W4-17_cl,0.358997241
TAE_W4-17_15,-1,W4-17_bef2,1,W4-17_be,2,W4-17_f,0.492580983
TAE_W4-17_16,-1,W4-17_benzene,6,W4-17_c,6,W4-17_h,2.181323296
TAE_W4-17_17,-1,W4-17_beta-lactim,3,W4-17_c,5,W4-17_h,1,W4-17_o,1,W4-17_n,1.583825889
TAE_W4-17_18,-1,W4-17_bf,1,W4-17_b,1,W4-17_f,0.29088029
TAE_W4-17_19,-1,W4-17_bf3,1,W4-17_b,3,W4-17_f,0.7505231
TAE_W4-17_20,-1,W4-17_bh,1,W4-17_b,1,W4-17_h,0.135424352
TAE_W4-17_21,-1,W4-17_bh3,1,W4-17_b,3,W4-17_h,0.448248551
TAE_W4-17_22,-1,W4-17_bhf2,1,W4-17_b,1,W4-17_h,2,W4-17_f,0.654906942
TAE_W4-17_23,-1,W4-17_bn,1,W4-17_b,1,W4-17_n,0.167710742
TAE_W4-17_24,-1,W4-17_bn3pi,1,W4-17_b,1,W4-17_n,0.168619096
TAE_W4-17_25,-1,W4-17_borole,4,W4-17_c,5,W4-17_h,1,W4-17_b,1.685504112
TAE_W4-17_26,-1,W4-17_c-hcoh,1,W4-17_c,1,W4-17_o,2,W4-17_h,0.506191943
TAE_W4-17_27,-1,W4-17_c-hono,1,W4-17_h,1,W4-17_n,2,W4-17_o,0.497474937
TAE_W4-17_28,-1,W4-17_c-hooo,1,W4-17_h,3,W4-17_o,0.371420968
TAE_W4-17_29,-1,W4-17_c-n2h2,2,W4-17_h,2,W4-17_n,0.463865857
TAE_W4-17_30,-1,W4-17_c2,2,W4-17_c,0.234307396
TAE_W4-17_31,-1,W4-17_c2cl2,2,W4-17_c,2,W4-17_cl,0.558694776
TAE_W4-17_32,-1,W4-17_c2cl4,2,W4-17_c,4,W4-17_cl,0.751797982
TAE_W4-17_33,-1,W4-17_c2cl6,2,W4-17_c,6,W4-17_cl,0.894497131
TAE_W4-17_34,-1,W4-17_c2clh,2,W4-17_c,1,W4-17_h,1,W4-17_cl,0.603204097
TAE_W4-17_35,-1,W4-17_c2clh3,2,W4-17_c,3,W4-17_h,1,W4-17_cl,0.867425009
TAE_W4-17_36,-1,W4-17_c2clh5,2,W4-17_c,5,W4-17_h,1,W4-17_cl,1.104227987
TAE_W4-17_37,-1,W4-17_c2f4,2,W4-17_c,4,W4-17_f,0.940330736
TAE_W4-17_38,-1,W4-17_c2f6,2,W4-17_c,6,W4-17_f,1.26204405
TAE_W4-17_39,-1,W4-17_c2h2,2,W4-17_c,2,W4-17_h,0.646269615
TAE_W4-17_40,-1,W4-17_c2h3f,2,W4-17_c,1,W4-17_f,3,W4-17_h,0.914520748
TAE_W4-17_41,-1,W4-17_c2h4,2,W4-17_c,4,W4-17_h,0.89895125
TAE_W4-17_42,-1,W4-17_c2h5f,2,W4-17_c,5,W4-17_h,1,W4-17_f,1.149752434
TAE_W4-17_43,-1,W4-17_c2h6,2,W4-17_c,6,W4-17_h,1.136302428
TAE_W4-17_44,-1,W4-17_cch,2,W4-17_c,1,W4-17_h,0.424169215
TAE_W4-17_45,-1,W4-17_ccl2,1,W4-17_c,2,W4-17_cl,0.28257762
TAE_W4-17_46,-1,W4-17_ccl2h2,1,W4-17_c,2,W4-17_cl,2,W4-17_h,0.592343695
TAE_W4-17_47,-1,W4-17_ccl2o,1,W4-17_c,2,W4-17_cl,1,W4-17_o,0.553115573
TAE_W4-17_48,-1,W4-17_ccl3h,1,W4-17_c,3,W4-17_cl,1,W4-17_h,0.55045585
TAE_W4-17_49,-1,W4-17_ccl4,1,W4-17_c,4,W4-17_cl,0.502652552
TAE_W4-17_50,-1,W4-17_cclh3,1,W4-17_c,1,W4-17_cl,3,W4-17_h,0.631139952
TAE_W4-17_51,-1,W4-17_cf,1,W4-17_c,1,W4-17_f,0.211487007
TAE_W4-17_52,-1,W4-17_cf2,1,W4-17_c,2,W4-17_f,0.412376556
TAE_W4-17_53,-1,W4-17_cf2cl2,1,W4-17_c,2,W4-17_cl,2,W4-17_f,0.625069919
TAE_W4-17_54,-1,W4-17_cf4,1,W4-17_c,4,W4-17_f,0.762921329
TAE_W4-17_55,-1,W4-17_ch,1,W4-17_c,1,W4-17_h,0.134213214
TAE_W4-17_56,-1,W4-17_ch2-sing,1,W4-17_c,2,W4-17_h,0.289143263
TAE_W4-17_57,-1,W4-17_ch2-trip,1,W4-17_c,2,W4-17_h,0.303963768
TAE_W4-17_58,-1,W4-17_ch2c,2,W4-17_c,2,W4-17_h,0.573569463
TAE_W4-17_59,-1,W4-17_ch2ch,2,W4-17_c,3,W4-17_h,0.710874266
TAE_W4-17_60,-1,W4-17_ch2clf,1,W4-17_c,1,W4-17_cl,1,W4-17_f,2,W4-17_h,0.641963701
TAE_W4-17_61,-1,W4-17_ch2f2,1,W4-17_c,2,W4-17_f,2,W4-17_h,0.697894373
TAE_W4-17_62,-1,W4-17_ch2nh,1,W4-17_c,1,W4-17_n,3,W4-17_h,0.700308681
TAE_W4-17_63,-1,W4-17_ch2nh2,1,W4-17_c,1,W4-17_n,4,W4-17_h,0.768498938
TAE_W4-17_64,-1,W4-17_ch3,1,W4-17_c,3,W4-17_h,0.490622445
TAE_W4-17_65,-1,W4-17_ch3f,1,W4-17_c,1,W4-17_f,3,W4-17_h,0.674030173
TAE_W4-17_66,-1,W4-17_ch3nh,1,W4-17_c,1,W4-17_n,4,W4-17_h,0.756323814
TAE_W4-17_67,-1,W4-17_ch3nh2,1,W4-17_c,1,W4-17_n,5,W4-17_h,0.927891074
TAE_W4-17_68,-1,W4-17_ch3ph2,1,W4-17_c,5,W4-17_h,1,W4-17_p,0.859434685
TAE_W4-17_69,-1,W4-17_ch4,1,W4-17_c,4,W4-17_h,0.670014295
TAE_W4-17_70,-1,W4-17_chf3,1,W4-17_c,1,W4-17_h,3,W4-17_f,0.732362404
TAE_W4-17_71,-1,W4-17_cis-c2f2cl2,2,W4-17_c,2,W4-17_cl,2,W4-17_f,0.843046076
TAE_W4-17_72,-1,W4-17_cl2,2,W4-17_cl,0.095217758
TAE_W4-17_73,-1,W4-17_cl2o,2,W4-17_cl,1,W4-17_o,0.161639116
TAE_W4-17_74,-1,W4-17_clcn,1,W4-17_cl,1,W4-17_c,1,W4-17_n,0.454846066
TAE_W4-17_75,-1,W4-17_clcof,1,W4-17_c,1,W4-17_cl,1,W4-17_f,1,W4-17_o,0.610952194
TAE_W4-17_76,-1,W4-17_clf,1,W4-17_cl,1,W4-17_f,0.100078246
TAE_W4-17_77,-1,W4-17_clf3,3,W4-17_f,1,W4-17_cl,0.204852839
TAE_W4-17_78,-1,W4-17_clf5,5,W4-17_f,1,W4-17_cl,0.297675412
TAE_W4-17_79,-1,W4-17_clno,1,W4-17_cl,1,W4-17_n,1,W4-17_o,0.305904776
TAE_W4-17_80,-1,W4-17_clo,1,W4-17_cl,1,W4-17_o,0.104285357
TAE_W4-17_81,-1,W4-17_clo3,3,W4-17_o,1,W4-17_cl,0.270651098
TAE_W4-17_82,-1,W4-17_cloo,1,W4-17_cl,2,W4-17_o,0.201335758
TAE_W4-17_83,-1,W4-17_cloocl,2,W4-17_o,2,W4-17_cl,0.237645994
TAE_W4-17_84,-1,W4-17_cn,1,W4-17_c,1,W4-17_n,0.289015775
TAE_W4-17_85,-1,W4-17_co,1,W4-17_c,1,W4-17_o,0.413906414
TAE_W4-17_86,-1,W4-17_co2,1,W4-17_c,2,W4-17_o,0.621728135
TAE_W4-17_87,-1,W4-17_cs,1,W4-17_c,1,W4-17_s,0.274434311
TAE_W4-17_88,-1,W4-17_cs2,1,W4-17_c,2,W4-17_s,0.447419878
TAE_W4-17_89,-1,W4-17_cyclobutadiene,4,W4-17_c,4,W4-17_h,1.308089605
TAE_W4-17_90,-1,W4-17_cyclobutane,4,W4-17_c,8,W4-17_h,1.833274104
TAE_W4-17_91,-1,W4-17_cyclobutene,4,W4-17_c,6,W4-17_h,1.596059977
TAE_W4-17_92,-1,W4-17_cyclopentadiene,5,W4-17_c,6,W4-17_h,1.883480556
TAE_W4-17_93,-1,W4-17_cyclopropane,3,W4-17_c,6,W4-17_h,1.360885661
TAE_W4-17_94,-1,W4-17_cyclopropene,3,W4-17_c,4,W4-17_h,1.086741385
TAE_W4-17_95,-1,W4-17_cyclopropyl,3,W4-17_c,5,W4-17_h,1.175629354
TAE_W4-17_96,-1,W4-17_dioxetan2one,2,W4-17_c,2,W4-17_h,3,W4-17_o,1.200169241
TAE_W4-17_97,-1,W4-17_dioxetane,2,W4-17_c,4,W4-17_h,2,W4-17_o,1.195205168
TAE_W4-17_98,-1,W4-17_dioxirane,1,W4-17_c,2,W4-17_o,2,W4-17_h,0.653393019
TAE_W4-17_99,-1,W4-17_dithiotane,2,W4-17_c,4,W4-17_h,2,W4-17_s,1.090647305
TAE_W4-17_100,-1,W4-17_ethanol,2,W4-17_c,1,W4-17_o,6,W4-17_h,1.292730463
TAE_W4-17_101,-1,W4-17_f2,2,W4-17_f,0.062230183
TAE_W4-17_102,-1,W4-17_f2co,1,W4-17_c,1,W4-17_o,2,W4-17_f,0.670285207
TAE_W4-17_103,-1,W4-17_f2o,2,W4-17_f,1,W4-17_o,0.149448056
TAE_W4-17_104,-1,W4-17_fccf,2,W4-17_c,2,W4-17_f,0.615226236
TAE_W4-17_105,-1,W4-17_fno,1,W4-17_f,1,W4-17_n,1,W4-17_o,0.343305036
TAE_W4-17_106,-1,W4-17_fo2,1,W4-17_f,2,W4-17_o,0.21464234
TAE_W4-17_107,-1,W4-17_foof,2,W4-17_f,2,W4-17_o,0.242769426
TAE_W4-17_108,-1,W4-17_formamide,1,W4-17_c,3,W4-17_h,1,W4-17_o,1,W4-17_n,0.905405341
TAE_W4-17_109,-1,W4-17_formic,1,W4-17_c,2,W4-17_o,2,W4-17_h,0.799781358
TAE_W4-17_110,-1,W4-17_formic-anhydride,2,W4-17_c,2,W4-17_h,3,W4-17_o,1.206368355
TAE_W4-17_111,-1,W4-17_furan,4,W4-17_c,4,W4-17_h,1,W4-17_o,1.585833829
TAE_W4-17_112,-1,W4-17_glyoxal,2,W4-17_c,2,W4-17_o,2,W4-17_h,1.012017358
TAE_W4-17_113,-1,W4-17_h2,2,W4-17_h,0.174499489
TAE_W4-17_114,-1,W4-17_h2ccn,2,W4-17_c,2,W4-17_h,1,W4-17_n,0.816966769
TAE_W4-17_115,-1,W4-17_h2cn,2,W4-17_h,1,W4-17_c,1,W4-17_n,0.547737164
TAE_W4-17_116,-1,W4-17_h2co,2,W4-17_h,1,W4-17_c,1,W4-17_o,0.59704323
TAE_W4-17_117,-1,W4-17_h2no,2,W4-17_h,1,W4-17_n,1,W4-17_o,0.438192918
TAE_W4-17_118,-1,W4-17_h2o,2,W4-17_h,1,W4-17_o,0.371277543
TAE_W4-17_119,-1,W4-17_h2s,2,W4-17_h,1,W4-17_s,0.293079462
TAE_W4-17_120,-1,W4-17_hccf,2,W4-17_c,1,W4-17_f,1,W4-17_h,0.634970973
TAE_W4-17_121,-1,W4-17_hcl,1,W4-17_h,1,W4-17_cl,0.171296348
TAE_W4-17_122,-1,W4-17_hclo4,1,W4-17_h,1,W4-17_cl,4,W4-17_o,0.534513449
TAE_W4-17_123,-1,W4-17_hcn,1,W4-17_h,1,W4-17_c,1,W4-17_n,0.49946694
TAE_W4-17_124,-1,W4-17_hcnh,1,W4-17_c,1,W4-17_n,2,W4-17_h,0.535785144
TAE_W4-17_125,-1,W4-17_hcno,1,W4-17_c,1,W4-17_o,1,W4-17_n,1,W4-17_h,0.58152154
TAE_W4-17_126,-1,W4-17_hco,1,W4-17_h,1,W4-17_c,1,W4-17_o,0.445300386
TAE_W4-17_127,-1,W4-17_hcof,1,W4-17_c,1,W4-17_o,1,W4-17_f,1,W4-17_h,0.643369258
TAE_W4-17_128,-1,W4-17_hf,1,W4-17_h,1,W4-17_f,0.225717878
TAE_W4-17_129,-1,W4-17_hnc,1,W4-17_h,1,W4-17_c,1,W4-17_n,0.475180436
TAE_W4-17_130,-1,W4-17_hnco,1,W4-17_c,1,W4-17_o,1,W4-17_n,1,W4-17_h,0.692707196
TAE_W4-17_131,-1,W4-17_hnnn,1,W4-17_h,3,W4-17_n,0.528629868
TAE_W4-17_132,-1,W4-17_hno,1,W4-17_h,1,W4-17_n,1,W4-17_o,0.328122784
TAE_W4-17_133,-1,W4-17_hocl,1,W4-17_h,1,W4-17_o,1,W4-17_cl,0.264904567
TAE_W4-17_134,-1,W4-17_hoclo,1,W4-17_h,2,W4-17_o,1,W4-17_cl,0.32555549
TAE_W4-17_135,-1,W4-17_hoclo2,1,W4-17_h,3,W4-17_o,1,W4-17_cl,0.435335589
TAE_W4-17_136,-1,W4-17_hocn,1,W4-17_c,1,W4-17_o,1,W4-17_n,1,W4-17_h,0.653408955
TAE_W4-17_137,-1,W4-17_hof,1,W4-17_h,1,W4-17_o,1,W4-17_f,0.252840995
TAE_W4-17_138,-1,W4-17_honc,1,W4-17_c,1,W4-17_o,1,W4-17_n,1,W4-17_h,0.557936221
TAE_W4-17_139,-1,W4-17_hoo,1,W4-17_h,2,W4-17_o,0.279741008
TAE_W4-17_140,-1,W4-17_hooh,2,W4-17_h,2,W4-17_o,0.428806599
TAE_W4-17_141,-1,W4-17_hs,1,W4-17_h,1,W4-17_s,0.13980676
TAE_W4-17_142,-1,W4-17_ketene,2,W4-17_c,1,W4-17_o,2,W4-17_h,0.850091393
TAE_W4-17_143,-1,W4-17_methanol,1,W4-17_c,1,W4-17_o,4,W4-17_h,0.818267148
TAE_W4-17_144,-1,W4-17_n-butane,4,W4-17_c,10,W4-17_h,2.075874609
TAE_W4-17_145,-1,W4-17_n-pentane,5,W4-17_c,12,W4-17_h,2.545475842
TAE_W4-17_146,-1,W4-17_n2,2,W4-17_n,0.364106332
TAE_W4-17_147,-1,W4-17_n2h,2,W4-17_n,1,W4-17_h,0.358273746
TAE_W4-17_148,-1,W4-17_n2h4,4,W4-17_h,2,W4-17_n,0.698380422
TAE_W4-17_149,-1,W4-17_n2o,2,W4-17_n,1,W4-17_o,0.431627275
TAE_W4-17_150,-1,W4-17_n2o4,2,W4-17_n,4,W4-17_o,0.751654558
TAE_W4-17_151,-1,W4-17_nccn,2,W4-17_n,2,W4-17_c,0.799924782
TAE_W4-17_152,-1,W4-17_nh,1,W4-17_n,1,W4-17_h,0.132412443
TAE_W4-17_153,-1,W4-17_nh2,1,W4-17_n,2,W4-17_h,0.29095997
TAE_W4-17_154,-1,W4-17_nh2cl,1,W4-17_n,1,W4-17_cl,2,W4-17_h,0.395277199
TAE_W4-17_155,-1,W4-17_nh2f,1,W4-17_n,2,W4-17_h,1,W4-17_f,0.408711269
TAE_W4-17_156,-1,W4-17_nh2oh,1,W4-17_n,3,W4-17_h,1,W4-17_o,0.573255523
TAE_W4-17_157,-1,W4-17_nh3,1,W4-17_n,3,W4-17_h,0.474909523
TAE_W4-17_158,-1,W4-17_no,1,W4-17_n,1,W4-17_o,0.243422803
TAE_W4-17_159,-1,W4-17_no2,1,W4-17_n,2,W4-17_o,0.363134234
TAE_W4-17_160,-1,W4-17_o2,2,W4-17_o,0.192539071
TAE_W4-17_161,-1,W4-17_o3,3,W4-17_o,0.234944837
TAE_W4-17_162,-1,W4-17_oclo,2,W4-17_o,1,W4-17_cl,0.204124562
TAE_W4-17_163,-1,W4-17_ocs,1,W4-17_o,1,W4-17_c,1,W4-17_s,0.535020215
TAE_W4-17_164,-1,W4-17_of,1,W4-17_o,1,W4-17_f,0.084572492
TAE_W4-17_165,-1,W4-17_oh,1,W4-17_o,1,W4-17_h,0.170834203
TAE_W4-17_166,-1,W4-17_oxadiazole,2,W4-17_c,2,W4-17_h,2,W4-17_n,1,W4-17_o,1.125193424
TAE_W4-17_167,-1,W4-17_oxetane,3,W4-17_c,6,W4-17_h,1,W4-17_o,1.510956815
TAE_W4-17_168,-1,W4-17_oxirane,2,W4-17_c,1,W4-17_o,4,W4-17_h,1.038216185
TAE_W4-17_169,-1,W4-17_oxirene,2,W4-17_c,1,W4-17_o,2,W4-17_h,0.726730613
TAE_W4-17_170,-1,W4-17_p2,2,W4-17_p,0.187423607
TAE_W4-17_171,-1,W4-17_p4,4,W4-17_p,0.46305312
TAE_W4-17_172,-1,W4-17_pf3,1,W4-17_p,3,W4-17_f,0.582619532
TAE_W4-17_173,-1,W4-17_pf5,1,W4-17_p,5,W4-17_f,0.894911467
TAE_W4-17_174,-1,W4-17_ph3,1,W4-17_p,3,W4-17_h,0.386082112
TAE_W4-17_175,-1,W4-17_propane,3,W4-17_c,8,W4-17_h,1.606176166
TAE_W4-17_176,-1,W4-17_propene,3,W4-17_c,6,W4-17_h,1.372968356
TAE_W4-17_177,-1,W4-17_propyne,3,W4-17_c,4,W4-17_h,1.124398216
TAE_W4-17_178,-1,W4-17_pyrrole,4,W4-17_c,5,W4-17_h,1,W4-17_n,1.709613727
TAE_W4-17_179,-1,W4-17_s2,2,W4-17_s,0.166133075
TAE_W4-17_180,-1,W4-17_s2o,2,W4-17_s,1,W4-17_o,0.332664551
TAE_W4-17_181,-1,W4-17_s3,3,W4-17_s,0.268283005
TAE_W4-17_182,-1,W4-17_s4-c2v,4,W4-17_s,0.373428907
TAE_W4-17_183,-1,W4-17_sf6,1,W4-17_s,6,W4-17_f,0.773574562
TAE_W4-17_184,-1,W4-17_si2h6,2,W4-17_si,6,W4-17_h,0.853979784
TAE_W4-17_185,-1,W4-17_sif,1,W4-17_si,1,W4-17_f,0.227438969
TAE_W4-17_186,-1,W4-17_sif4,1,W4-17_si,4,W4-17_f,0.920719862
TAE_W4-17_187,-1,W4-17_sih,1,W4-17_si,1,W4-17_h,0.117815043
TAE_W4-17_188,-1,W4-17_sih3f,1,W4-17_si,3,W4-17_h,1,W4-17_f,0.609935475
TAE_W4-17_189,-1,W4-17_sih4,1,W4-17_si,4,W4-17_h,0.517841178
TAE_W4-17_190,-1,W4-17_silole,4,W4-17_c,6,W4-17_h,1,W4-17_si,1.754405116
TAE_W4-17_191,-1,W4-17_sio,1,W4-17_si,1,W4-17_o,0.307629054
TAE_W4-17_192,-1,W4-17_so,1,W4-17_s,1,W4-17_o,0.201542926
TAE_W4-17_193,-1,W4-17_so2,1,W4-17_s,2,W4-17_o,0.415260976
TAE_W4-17_194,-1,W4-17_so3,1,W4-17_s,3,W4-17_o,0.55280482
TAE_W4-17_195,-1,W4-17_ssh,2,W4-17_s,1,W4-17_h,0.26316754
TAE_W4-17_196,-1,W4-17_t-butadiene,4,W4-17_c,6,W4-17_h,1.614429434
TAE_W4-17_197,-1,W4-17_t-hcoh,1,W4-17_c,1,W4-17_o,2,W4-17_h,0.513873108
TAE_W4-17_198,-1,W4-17_t-hono,1,W4-17_h,1,W4-17_n,2,W4-17_o,0.498176122
TAE_W4-17_199,-1,W4-17_t-hooo,1,W4-17_h,3,W4-17_o,0.371739688
TAE_W4-17_200,-1,W4-17_t-n2h2,2,W4-17_h,2,W4-17_n,0.472487247
TAE_W4-17_201,-1,W4-17_tetrahedrane,4,W4-17_c,4,W4-17_h,1.264506166
TAE_W4-17_202,-1,W4-17_thiophene,4,W4-17_c,4,W4-17_h,1,W4-17_s,1.537805832
TAE_W4-17_203,-1,W4-17_trans-c2f2cl2,2,W4-17_c,2,W4-17_f,2,W4-17_cl,0.843637302
BDE99_1,1,W4-17_foof,-1,W4-17_f,-1,W4-17_fo2,-0.02812706421177687
BDE99_2,1,W4-17_foof,-2,W4-17_of,-0.07365625540330466
BDE99_3,1,W4-17_oclo,-1,W4-17_o,-1,W4-17_clo,-0.0998709979689551
BDE99_4,1,W4-17_cloo,-1,W4-17_clo,-1,W4-17_o,-0.0971140675957894
BDE99_5,1,W4-17_cloo,-1,W4-17_cl,-1,W4-17_o2,-0.00886042362705266
BDE99_6,1,W4-17_fo2,-1,W4-17_of,-1,W4-17_o,-0.1301175520051888
BDE99_7,1,W4-17_fo2,-1,W4-17_f,-1,W4-17_o2,-0.02215105906763165
BDE99_8,1,W4-17_cl2o,-1,W4-17_clo,-1,W4-17_cl,-0.05738558539751191
BDE99_9,1,W4-17_f2o,-1,W4-17_of,-1,W4-17_f,-0.06485957583112288
BDE99_10,1,W4-17_hocl,-1,W4-17_h,-1,W4-17_clo,-0.1606031462471883
BDE99_11,1,W4-17_hocl,-1,W4-17_oh,-1,W4-17_cl,-0.094054352961987
BDE99_12,1,W4-17_hof,-1,W4-17_h,-1,W4-17_of,-0.1682524328316942
BDE99_13,1,W4-17_hof,-1,W4-17_oh,-1,W4-17_f,-0.0819907905776726
BDE99_14,1,W4-17_no2,-1,W4-17_no,-1,W4-17_o,-0.1197432070749527
BDE99_15,1,W4-17_n2o,-1,W4-17_no,-1,W4-17_n,-0.1882043220062804
BDE99_16,1,W4-17_n2o,-1,W4-17_n2,-1,W4-17_o,-0.0675049541082645
BDE99_17,1,W4-17_t-hono,-1,W4-17_h,-1,W4-17_no2,-0.1350895882851176
BDE99_18,1,W4-17_t-hono,-1,W4-17_oh,-1,W4-17_no,-0.0839827922923876
BDE99_19,1,W4-17_hnc,-1,W4-17_h,-1,W4-17_cn,-0.1862123202915653
BDE99_20,1,W4-17_hnc,-1,W4-17_nh,-1,W4-17_c,-0.342799591081888
BDE99_21,1,W4-17_honc,-1,W4-17_oh,-1,W4-17_cn,-0.0981499084874412
BDE99_22,1,W4-17_hnco,-1,W4-17_nh,-1,W4-17_co,-0.1464679020795701
BDE99_23,1,W4-17_hcno,-1,W4-17_ch,-1,W4-17_no,-0.2039969116005415
BDE99_24,1,W4-17_hno,-1,W4-17_h,-1,W4-17_no,-0.0846839768959673
BDE99_25,1,W4-17_hno,-1,W4-17_nh,-1,W4-17_o,-0.1956783124398914
BDE99_26,1,W4-17_methanol,-1,W4-17_ch3,-1,W4-17_oh,-0.1568422470098062
BDE99_27,1,W4-17_t-hcoh,-1,W4-17_ch,-1,W4-17_oh,-0.2088414597707286
BDE99_28,1,W4-17_t-hcoh,-1,W4-17_hco,-1,W4-17_h,-0.06860453905478723
BDE99_29,1,W4-17_formic,-1,W4-17_hco,-1,W4-17_oh,-0.1836944301241654
BDE99_30,1,W4-17_ketene,-1,W4-17_ch2c,-1,W4-17_o,-0.2765376460436057
BDE99_31,1,W4-17_ketene,-1,W4-17_ch2-trip,-1,W4-17_co,-0.1322529778433633
BDE99_32,1,W4-17_glyoxal,-2,W4-17_hco,-0.1215280406113374
BDE99_33,1,W4-17_acetaldehyde,-1,W4-17_ch3,-1,W4-17_hco,-0.1443324762413955
BDE99_34,1,W4-17_f2co,-1,W4-17_cf2,-1,W4-17_o,-0.257924382021308
BDE99_35,1,W4-17_hcof,-1,W4-17_hco,-1,W4-17_f,-0.1981165225387026
BDE99_36,1,W4-17_h2co,-1,W4-17_hco,-1,W4-17_h,-0.1517745946475711
BDE99_37,1,W4-17_h2co,-1,W4-17_ch2-trip,-1,W4-17_o,-0.2930792282825997
BDE99_38,1,W4-17_hco,-1,W4-17_h,-1,W4-17_co,-0.03137801101019188
BDE99_39,1,W4-17_hco,-1,W4-17_ch,-1,W4-17_o,-0.3110709877699063
BDE99_40,1,W4-17_cs2,-1,W4-17_cs,-1,W4-17_s,-0.1730013649195749
BDE99_41,1,W4-17_co2,-1,W4-17_co,-1,W4-17_o,-0.2078215548927945
BDE99_42,1,W4-17_ch2nh2,-1,W4-17_ch2-trip,-1,W4-17_nh2,-0.1736069334408483
BDE99_43,1,W4-17_ch2nh2,-1,W4-17_ch2nh,-1,W4-17_h,-0.06825394675299736
BDE99_44,1,W4-17_ch3nh,-1,W4-17_ch3,-1,W4-17_nh,-0.1333206907624506
BDE99_45,1,W4-17_ch3nh,-1,W4-17_ch2nh,-1,W4-17_h,-0.05607883227265882
BDE99_46,1,W4-17_ch3nh2,-1,W4-17_ch2nh2,-1,W4-17_h,-0.1594079452183592
BDE99_47,1,W4-17_ch3nh2,-1,W4-17_ch3nh,-1,W4-17_h,-0.1715830596986978
BDE99_48,1,W4-17_ch2nh,-1,W4-17_hcnh,-1,W4-17_h,-0.164443725553159
BDE99_49,1,W4-17_hcnh,-1,W4-17_nh,-1,W4-17_ch,-0.2692070797334543
BDE99_50,1,W4-17_hcnh,-1,W4-17_hcn,-1,W4-17_h,-0.03638191931755614
BDE99_51,1,W4-17_hcn,-1,W4-17_cn,-1,W4-17_h,-0.2104669331699361
BDE99_52,1,W4-17_hcn,-1,W4-17_ch,-1,W4-17_n,-0.3652534344101563
BDE99_53,1,W4-17_nccn,-2,W4-17_cn,-0.222052415142719
BDE99_54,1,W4-17_h2s,-1,W4-17_hs,-1,W4-17_h,-0.1532725799370368
BDE99_55,1,W4-17_t-hooo,-1,W4-17_hoo,-1,W4-17_o,-0.0920464152335542
BDE99_56,1,W4-17_t-hooo,-1,W4-17_oh,-1,W4-17_o2,-0.00839827922923876
BDE99_57,1,W4-17_t-hooo,-1,W4-17_h,-1,W4-17_o3,-0.1368425497940669
BDE99_58,1,W4-17_o3,-1,W4-17_o2,-1,W4-17_o,-0.04238979648913682
BDE99_59,1,W4-17_hooh,-1,W4-17_hoo,-1,W4-17_h,-0.149097344342994
BDE99_60,1,W4-17_hooh,-2,W4-17_oh,-0.0871221869947786
BDE99_61,1,W4-17_ssh,-1,W4-17_hs,-1,W4-17_s,-0.1233447461751575
BDE99_62,1,W4-17_ssh,-1,W4-17_s2,-1,W4-17_h,-0.0970184515134831
BDE99_63,1,W4-17_hoo,-1,W4-17_oh,-1,W4-17_o,-0.1088907817331849
BDE99_64,1,W4-17_hoo,-1,W4-17_o2,-1,W4-17_h,-0.0871859310496495
BDE99_65,1,W4-17_h2o,-1,W4-17_oh,-1,W4-17_h,-0.2004272445277721
BDE99_66,1,W4-17_hnnn,-1,W4-17_n2,-1,W4-17_nh,-0.03219074770979563
BDE99_67,1,W4-17_n2h4,-2,W4-17_nh2,-0.1164922602765377
BDE99_68,1,W4-17_t-n2h2,-2,W4-17_nh,-0.2077100027967704
BDE99_69,1,W4-17_n2h,-1,W4-17_nh,-1,W4-17_n,-0.2259248664761251
BDE99_70,1,W4-17_nh2cl,-1,W4-17_nh2,-1,W4-17_cl,-0.1043330818099168
BDE99_71,1,W4-17_nh3,-1,W4-17_nh2,-1,W4-17_h,-0.183949406343649
BDE99_72,1,W4-17_nh2,-1,W4-17_nh,-1,W4-17_h,-0.1585633364913201
BDE99_73,1,W4-17_allene,-1,W4-17_ch2c,-1,W4-17_ch2-trip,-0.2444903224572696
BDE99_74,1,W4-17_propyne,-1,W4-17_cch,-1,W4-17_ch3,-0.20967013248405
BDE99_75,1,W4-17_propene,-1,W4-17_ch2ch,-1,W4-17_ch3,-0.1715193156438269
BDE99_76,1,W4-17_c2h3f,-1,W4-17_ch2ch,-1,W4-17_f,-0.2036781913261871
BDE99_77,1,W4-17_c2h6,-2,W4-17_ch3,-0.1551211575282924
BDE99_78,1,W4-17_c2h4,-2,W4-17_ch2-trip,-0.291007546499296
BDE99_79,1,W4-17_ch2ch,-1,W4-17_ch2c,-1,W4-17_h,-0.137288758178163
BDE99_80,1,W4-17_ch2ch,-1,W4-17_c2h2,-1,W4-17_h,-0.0646364716390748
BDE99_81,1,W4-17_ch2c,-1,W4-17_ch2-trip,-1,W4-17_c,-0.269621416090115
BDE99_82,1,W4-17_hccf,-1,W4-17_cch,-1,W4-17_f,-0.2108493974991614
BDE99_83,1,W4-17_hccf,-1,W4-17_ch,-1,W4-17_cf,-0.2892864570177822
BDE99_84,1,W4-17_c2h2,-1,W4-17_cch,-1,W4-17_h,-0.2220842871701544
BDE99_85,1,W4-17_c2h2,-2,W4-17_ch,-0.3778110132197202
BDE99_86,1,W4-17_ch3f,-1,W4-17_ch3,-1,W4-17_f,-0.1834075818772465
BDE99_87,1,W4-17_ch4,-1,W4-17_ch3,-1,W4-17_h,-0.1793598343929454
BDE99_88,1,W4-17_ch3,-1,W4-17_ch2-trip,-1,W4-17_h,-0.1866585286756615
BDE99_89,1,W4-17_ch2-trip,-1,W4-17_ch,-1,W4-17_h,-0.1697504181211599
BDE99_90,1,W4-17_cf2,-1,W4-17_cf,-1,W4-17_f,-0.200889388925586
BDE99_91,1,W4-17_clcn,-1,W4-17_cn,-1,W4-17_cl,-0.1658939028014715
BDE99_92,1,W4-17_b2h6,-2,W4-17_bh3,-0.07083558097526811
BDE99_93,1,W4-17_s2o,-1,W4-17_s2,-1,W4-17_o,-0.1665791513913335
BDE99_94,1,W4-17_s2o,-1,W4-17_s,-1,W4-17_so,-0.131185264924276
BDE99_95,1,W4-17_so3,-1,W4-17_so2,-1,W4-17_o,-0.1375596704113643
BDE99_96,1,W4-17_so2,-1,W4-17_so,-1,W4-17_o,-0.2137975600369397
BDE99_97,1,W4-17_s4-c2v,-1,W4-17_s3,-1,W4-17_s,-0.1051458185095206
BDE99_98,1,W4-17_s4-c2v,-2,W4-17_s2,-0.04119459546030778
BDE99_99,1,W4-17_p4,-2,W4-17_p2,-0.0882695799824545
HAT707_1,1,W4-17_h,1,W4-17_ch3f,-1,W4-17_hf,-1,W4-17_ch3,0.04231011642054821
HAT707_2,1,W4-17_h,1,W4-17_foof,-1,W4-17_hf,-1,W4-17_fo2,0.1975906340860178
HAT707_3,1,W4-17_h,1,W4-17_foof,-1,W4-17_oh,-1,W4-17_f2o,0.07748089869555759
HAT707_4,1,W4-17_h,1,W4-17_fo2,-1,W4-17_oh,-1,W4-17_of,0.04073245106249387
HAT707_5,1,W4-17_h,1,W4-17_fo2,-1,W4-17_hf,-1,W4-17_o2,0.203566639230163
HAT707_6,1,W4-17_h,1,W4-17_oclo,-1,W4-17_oh,-1,W4-17_clo,0.07096306908500988
HAT707_7,1,W4-17_h,1,W4-17_oclo,-1,W4-17_hcl,-1,W4-17_o2,0.1596788574515605
HAT707_8,1,W4-17_h,1,W4-17_cl2o,-1,W4-17_hcl,-1,W4-17_clo,0.1139265620679846
HAT707_9,1,W4-17_h,1,W4-17_cl2o,-1,W4-17_oh,-1,W4-17_cl2,0.10438088985107
HAT707_10,1,W4-17_h,1,W4-17_f2o,-1,W4-17_hf,-1,W4-17_of,0.1608581224666718
HAT707_11,1,W4-17_h,1,W4-17_f2o,-1,W4-17_oh,-1,W4-17_f2,0.08361626397688
HAT707_12,1,W4-17_h,1,W4-17_hocl,-1,W4-17_oh,-1,W4-17_hcl,0.0772577945035095
HAT707_13,1,W4-17_h,1,W4-17_hof,-1,W4-17_oh,-1,W4-17_hf,0.1437269077201222
HAT707_14,1,W4-17_h,1,W4-17_clo,-1,W4-17_hcl,-1,W4-17_o,0.06701093768301515
HAT707_15,1,W4-17_h,1,W4-17_clo,-1,W4-17_oh,-1,W4-17_cl,0.06654879328520126
HAT707_16,1,W4-17_h,1,W4-17_of,-1,W4-17_hf,-1,W4-17_o,0.1411293374841337
HAT707_17,1,W4-17_h,1,W4-17_of,-1,W4-17_oh,-1,W4-17_f,0.0862616422540217
HAT707_18,1,W4-17_h,1,W4-17_no2,-1,W4-17_oh,-1,W4-17_no,0.05110679599272999
HAT707_19,1,W4-17_h,1,W4-17_no2,-1,W4-17_nh,-1,W4-17_o2,-0.03818268886765858
HAT707_20,1,W4-17_h,1,W4-17_n2o,-1,W4-17_oh,-1,W4-17_n2,0.1033291129457004
HAT707_21,1,W4-17_h,1,W4-17_n2o,-1,W4-17_nh,-1,W4-17_no,-0.05579198402573985
HAT707_22,1,W4-17_h,1,W4-17_t-hono,-1,W4-17_oh,-1,W4-17_hno,0.0007171206172974275
HAT707_23,1,W4-17_h,1,W4-17_t-hono,-1,W4-17_nh,-1,W4-17_hoo,-0.0860863461031267
HAT707_24,1,W4-17_h,1,W4-17_hnco,-1,W4-17_nh,-1,W4-17_hco,-0.1150898910693782
HAT707_25,1,W4-17_h,1,W4-17_hnco,-1,W4-17_ch,-1,W4-17_hno,-0.2304825663993932
HAT707_26,1,W4-17_h,1,W4-17_hnco,-1,W4-17_oh,-1,W4-17_hcn,-0.02248571535570378
HAT707_27,1,W4-17_h,1,W4-17_hno,-1,W4-17_nh,-1,W4-17_oh,-0.02484424538592643
HAT707_28,1,W4-17_h,1,W4-17_no,-1,W4-17_nh,-1,W4-17_o,-0.110994335543924
HAT707_29,1,W4-17_h,1,W4-17_no,-1,W4-17_oh,-1,W4-17_n,-0.07257260647049966
HAT707_30,1,W4-17_h,1,W4-17_oxirene,-1,W4-17_oh,-1,W4-17_c2h2,0.090293453724605
HAT707_31,1,W4-17_h,1,W4-17_oxirane,-1,W4-17_oh,-1,W4-17_c2h4,0.03152143513365137
HAT707_32,1,W4-17_h,1,W4-17_methanol,-1,W4-17_oh,-1,W4-17_ch4,0.02251758738313922
HAT707_33,1,W4-17_h,1,W4-17_t-hcoh,-1,W4-17_ch,-1,W4-17_h2o,-0.00841421524295648
HAT707_34,1,W4-17_h,1,W4-17_t-hcoh,-1,W4-17_oh,-1,W4-17_ch2-trip,-0.03907510563585093
HAT707_35,1,W4-17_h,1,W4-17_formic,-1,W4-17_oh,-1,W4-17_t-hcoh,-0.1150739550556605
HAT707_36,1,W4-17_h,1,W4-17_formic,-1,W4-17_h2o,-1,W4-17_hco,0.01673281440360664
HAT707_37,1,W4-17_h,1,W4-17_formic,-1,W4-17_ch,-1,W4-17_hooh,-0.2367932278316105
HAT707_38,1,W4-17_h,1,W4-17_ketene,-1,W4-17_oh,-1,W4-17_ch2c,-0.1056876429759231
HAT707_39,1,W4-17_h,1,W4-17_ketene,-1,W4-17_ch,-1,W4-17_h2co,-0.1188507903067603
HAT707_40,1,W4-17_h,1,W4-17_glyoxal,-1,W4-17_oh,-1,W4-17_oxirene,-0.1144524505206694
HAT707_41,1,W4-17_h,1,W4-17_glyoxal,-1,W4-17_ch,-1,W4-17_formic,-0.07805459518939553
HAT707_42,1,W4-17_h,1,W4-17_acetaldehyde,-1,W4-17_ch,-1,W4-17_methanol,-0.127711213933813
HAT707_43,1,W4-17_h,1,W4-17_acetaldehyde,-1,W4-17_oh,-1,W4-17_c2h4,-0.01045402499882472
HAT707_44,1,W4-17_h,1,W4-17_f2co,-1,W4-17_oh,-1,W4-17_cf2,-0.0870903149673431
HAT707_45,1,W4-17_h,1,W4-17_f2co,-1,W4-17_ch,-1,W4-17_f2o,-0.3866714368467728
HAT707_46,1,W4-17_h,1,W4-17_hcof,-1,W4-17_hf,-1,W4-17_hco,0.02760117575909209
HAT707_47,1,W4-17_h,1,W4-17_h2co,-1,W4-17_oh,-1,W4-17_ch2-trip,-0.1222451612286348
HAT707_48,1,W4-17_h,1,W4-17_h2co,-1,W4-17_ch,-1,W4-17_h2o,-0.0915683348220226
HAT707_49,1,W4-17_h,1,W4-17_hco,-1,W4-17_oh,-1,W4-17_ch,-0.1402209847022236
HAT707_50,1,W4-17_h,1,W4-17_cs2,-1,W4-17_hs,-1,W4-17_cs,-0.03319471657401202
HAT707_51,1,W4-17_h,1,W4-17_cs2,-1,W4-17_ch,-1,W4-17_s2,-0.147105342628279
HAT707_52,1,W4-17_h,1,W4-17_ocs,-1,W4-17_oh,-1,W4-17_cs,-0.0897516292582025
HAT707_53,1,W4-17_h,1,W4-17_ocs,-1,W4-17_ch,-1,W4-17_so,-0.1992957875538139
HAT707_54,1,W4-17_h,1,W4-17_ocs,-1,W4-17_hs,-1,W4-17_co,0.01866107206345083
HAT707_55,1,W4-17_h,1,W4-17_co2,-1,W4-17_oh,-1,W4-17_co,-0.03698748783882953
HAT707_56,1,W4-17_h,1,W4-17_co2,-1,W4-17_ch,-1,W4-17_o2,-0.2949756139150085
HAT707_57,1,W4-17_h,1,W4-17_cs,-1,W4-17_ch,-1,W4-17_s,-0.1402369207159413
HAT707_58,1,W4-17_h,1,W4-17_cs,-1,W4-17_hs,-1,W4-17_c,-0.1346433799010214
HAT707_59,1,W4-17_h,1,W4-17_sio,-1,W4-17_sih,-1,W4-17_o,-0.1898457314192056
HAT707_60,1,W4-17_h,1,W4-17_sio,-1,W4-17_oh,-1,W4-17_si,-0.1367947417529137
HAT707_61,1,W4-17_h,1,W4-17_co,-1,W4-17_ch,-1,W4-17_o,-0.2796929767597144
HAT707_62,1,W4-17_h,1,W4-17_co,-1,W4-17_oh,-1,W4-17_c,-0.2430560812226747
HAT707_63,1,W4-17_h,1,W4-17_hcn,-1,W4-17_nh,-1,W4-17_ch,-0.2328251604158981
HAT707_64,1,W4-17_h,1,W4-17_cn,-1,W4-17_ch,-1,W4-17_n,-0.1547865012402203
HAT707_65,1,W4-17_h,1,W4-17_cn,-1,W4-17_nh,-1,W4-17_c,-0.156571334776605
HAT707_66,1,W4-17_h,1,W4-17_h2s,-1,W4-17_hs,-1,W4-17_h2,0.02121083425828613
HAT707_67,1,W4-17_h,1,W4-17_alcl,-1,W4-17_alh,-1,W4-17_cl,-0.07816614728541959
HAT707_68,1,W4-17_h,1,W4-17_alcl,-1,W4-17_hcl,-1,W4-17_al,-0.02409525274119356
HAT707_69,1,W4-17_h,1,W4-17_alf,-1,W4-17_alh,-1,W4-17_f,-0.1437587797475576
HAT707_70,1,W4-17_h,1,W4-17_alf,-1,W4-17_hf,-1,W4-17_al,-0.03528233437103343
HAT707_71,1,W4-17_h,1,W4-17_t-hooo,-1,W4-17_oh,-1,W4-17_hoo,0.07878765182041069
HAT707_72,1,W4-17_h,1,W4-17_o3,-1,W4-17_oh,-1,W4-17_o2,0.1284442705648281
HAT707_73,1,W4-17_h,1,W4-17_hooh,-1,W4-17_oh,-1,W4-17_h2o,0.1132891215192758
HAT707_74,1,W4-17_h,1,W4-17_ssh,-2,W4-17_hs,0.01646190217040539
HAT707_75,1,W4-17_h,1,W4-17_hoo,-2,W4-17_oh,0.06195922133449772
HAT707_76,1,W4-17_h,1,W4-17_h2o,-1,W4-17_oh,-1,W4-17_h2,-0.02592789431873143
HAT707_77,1,W4-17_h,1,W4-17_t-n2h2,-1,W4-17_nh,-1,W4-17_nh2,-0.04916260231916808
HAT707_78,1,W4-17_h,1,W4-17_propyne,-1,W4-17_ch,-1,W4-17_c2h4,-0.0912974225888214
HAT707_79,1,W4-17_h,1,W4-17_propene,-1,W4-17_ch,-1,W4-17_c2h6,-0.1024366961775081
HAT707_80,1,W4-17_h,1,W4-17_c2h3f,-1,W4-17_hf,-1,W4-17_ch2ch,0.0220395069716076
HAT707_81,1,W4-17_h,1,W4-17_c2h3f,-1,W4-17_ch,-1,W4-17_ch3f,-0.1063091475109142
HAT707_82,1,W4-17_h,1,W4-17_c2h4,-1,W4-17_ch,-1,W4-17_ch4,-0.0947555375655668
HAT707_83,1,W4-17_h,1,W4-17_ch2ch,-1,W4-17_ch,-1,W4-17_ch3,-0.0860385380619736
HAT707_84,1,W4-17_h,1,W4-17_fccf,-1,W4-17_ch,-1,W4-17_cf2,-0.06865234709594038
HAT707_85,1,W4-17_h,1,W4-17_hccf,-1,W4-17_hf,-1,W4-17_cch,0.01486830079863333
HAT707_86,1,W4-17_h,1,W4-17_c2h2,-1,W4-17_ch,-1,W4-17_ch2-trip,-0.2080605950985603
HAT707_87,1,W4-17_h,1,W4-17_ccl2,-1,W4-17_ch,-1,W4-17_cl2,-0.05321034980346911
HAT707_88,1,W4-17_h,1,W4-17_cf2,-1,W4-17_ch,-1,W4-17_f2,-0.2159648579025497
HAT707_89,1,W4-17_h,1,W4-17_cf2,-1,W4-17_hf,-1,W4-17_cf,0.02482830937220871
HAT707_90,1,W4-17_h,1,W4-17_ch2-trip,-1,W4-17_ch,-1,W4-17_h2,0.004732996074163021
HAT707_91,1,W4-17_h,1,W4-17_sif,-1,W4-17_hf,-1,W4-17_si,-0.001705153467796105
HAT707_92,1,W4-17_h,1,W4-17_sif,-1,W4-17_sih,-1,W4-17_f,-0.1096238383642001
HAT707_93,1,W4-17_h,1,W4-17_clcn,-1,W4-17_hcl,-1,W4-17_cn,0.005418244664025007
HAT707_94,1,W4-17_h,1,W4-17_cf,-1,W4-17_hf,-1,W4-17_c,0.01421492423620678
HAT707_95,1,W4-17_h,1,W4-17_cf,-1,W4-17_ch,-1,W4-17_f,-0.07728966653094495
HAT707_96,1,W4-17_h,1,W4-17_bf,-1,W4-17_hf,-1,W4-17_b,-0.06514642407804185
HAT707_97,1,W4-17_h,1,W4-17_bf,-1,W4-17_bh,-1,W4-17_f,-0.1554080057752114
HAT707_98,1,W4-17_h,1,W4-17_bn3pi,-1,W4-17_bh,-1,W4-17_n,-0.03317878056029431
HAT707_99,1,W4-17_h,1,W4-17_bn3pi,-1,W4-17_nh,-1,W4-17_b,-0.03620662316666122
HAT707_100,1,W4-17_h,1,W4-17_s2o,-1,W4-17_hs,-1,W4-17_so,0.00862138342128685
HAT707_101,1,W4-17_h,1,W4-17_s2o,-1,W4-17_oh,-1,W4-17_s2,0.004270851676349123
HAT707_102,1,W4-17_h,1,W4-17_so3,-1,W4-17_oh,-1,W4-17_so2,0.03329033265631836
HAT707_103,1,W4-17_h,1,W4-17_so3,-1,W4-17_hs,-1,W4-17_o3,-0.178132761336681
HAT707_104,1,W4-17_h,1,W4-17_so2,-1,W4-17_oh,-1,W4-17_so,-0.04294755696925704
HAT707_105,1,W4-17_h,1,W4-17_so2,-1,W4-17_hs,-1,W4-17_o2,-0.0829788234281712
HAT707_106,1,W4-17_h,1,W4-17_so,-1,W4-17_hs,-1,W4-17_o,-0.06172018112873191
HAT707_107,1,W4-17_h,1,W4-17_so,-1,W4-17_oh,-1,W4-17_s,-0.0306927624203299
HAT707_108,1,W4-17_h,1,W4-17_s4-c2v,-1,W4-17_hs,-1,W4-17_s3,0.03466082983604232
HAT707_109,1,W4-17_h,1,W4-17_s3,-1,W4-17_hs,-1,W4-17_s2,0.03764086440125608
HAT707_110,1,W4-17_h,1,W4-17_s2,-1,W4-17_hs,-1,W4-17_s,-0.02632629466167444
HAT707_111,1,W4-17_h,1,W4-17_cl2,-1,W4-17_hcl,-1,W4-17_cl,0.0760944655021159
HAT707_112,1,W4-17_h,1,W4-17_clf,-1,W4-17_hcl,-1,W4-17_f,0.07123398131821112
HAT707_113,1,W4-17_h,1,W4-17_clf,-1,W4-17_hf,-1,W4-17_cl,0.1256395321505093
HAT707_114,1,W4-17_h,1,W4-17_f2,-1,W4-17_hf,-1,W4-17_f,0.1635035007438134
HAT707_115,1,W4-17_h,1,W4-17_o2,-1,W4-17_oh,-1,W4-17_o,-0.02170485068353547
HAT707_116,1,W4-17_h,1,W4-17_n2,-1,W4-17_nh,-1,W4-17_n,-0.2316937034419399
HAT707_117,1,W4-17_h,1,W4-17_b2,-1,W4-17_bh,-1,W4-17_b,0.02795176806088195
HAT707_118,1,W4-17_c,1,W4-17_ch3f,-1,W4-17_cf,-1,W4-17_ch3,0.02809519218434144
HAT707_119,1,W4-17_c,1,W4-17_foof,-1,W4-17_cf,-1,W4-17_fo2,0.183375709849811
HAT707_120,1,W4-17_c,1,W4-17_foof,-1,W4-17_co,-1,W4-17_f2o,0.3205369799182323
HAT707_121,1,W4-17_c,1,W4-17_fo2,-1,W4-17_co,-1,W4-17_of,0.2837885322851687
HAT707_122,1,W4-17_c,1,W4-17_fo2,-1,W4-17_cf,-1,W4-17_o2,0.1893517149939563
HAT707_123,1,W4-17_c,1,W4-17_oclo,-1,W4-17_co,-1,W4-17_clo,0.3140191503076846
HAT707_124,1,W4-17_c,1,W4-17_cl2o,-1,W4-17_co,-1,W4-17_cl2,0.3474369710737447
HAT707_125,1,W4-17_c,1,W4-17_f2o,-1,W4-17_cf,-1,W4-17_of,0.146643198230465
HAT707_126,1,W4-17_c,1,W4-17_f2o,-1,W4-17_co,-1,W4-17_f2,0.3266723451995548
HAT707_127,1,W4-17_c,1,W4-17_hof,-1,W4-17_co,-1,W4-17_hf,0.3867829889427969
HAT707_128,1,W4-17_c,1,W4-17_clo,-1,W4-17_co,-1,W4-17_cl,0.309604874507876
HAT707_129,1,W4-17_c,1,W4-17_of,-1,W4-17_cf,-1,W4-17_o,0.1269303492616447
HAT707_130,1,W4-17_c,1,W4-17_of,-1,W4-17_co,-1,W4-17_f,0.3293177234766964
HAT707_131,1,W4-17_c,1,W4-17_no2,-1,W4-17_co,-1,W4-17_no,0.2941628772154047
HAT707_132,1,W4-17_c,1,W4-17_no2,-1,W4-17_cn,-1,W4-17_o2,0.1183886459089464
HAT707_133,1,W4-17_c,1,W4-17_n2o,-1,W4-17_co,-1,W4-17_n2,0.3463851941683751
HAT707_134,1,W4-17_c,1,W4-17_n2o,-1,W4-17_cn,-1,W4-17_no,0.1007952867645828
HAT707_135,1,W4-17_c,1,W4-17_t-hono,-1,W4-17_co,-1,W4-17_hno,0.2437732018399721
HAT707_136,1,W4-17_c,1,W4-17_t-hono,-1,W4-17_cn,-1,W4-17_hoo,0.07048498867347824
HAT707_137,1,W4-17_c,1,W4-17_hnco,-1,W4-17_cn,-1,W4-17_hco,0.04149737972094447
HAT707_138,1,W4-17_c,1,W4-17_hnco,-1,W4-17_co,-1,W4-17_hcn,0.2205703658669709
HAT707_139,1,W4-17_c,1,W4-17_hno,-1,W4-17_cn,-1,W4-17_oh,0.1317430254043963
HAT707_140,1,W4-17_c,1,W4-17_no,-1,W4-17_cn,-1,W4-17_o,0.04559293524639866
HAT707_141,1,W4-17_c,1,W4-17_no,-1,W4-17_co,-1,W4-17_n,0.1704834747521751
HAT707_142,1,W4-17_c,1,W4-17_oxirene,-1,W4-17_co,-1,W4-17_c2h2,0.3333495349472797
HAT707_143,1,W4-17_c,1,W4-17_oxirane,-1,W4-17_co,-1,W4-17_c2h4,0.2745775163563261
HAT707_144,1,W4-17_c,1,W4-17_methanol,-1,W4-17_co,-1,W4-17_ch4,0.2655736686058139
HAT707_145,1,W4-17_c,1,W4-17_t-hcoh,-1,W4-17_co,-1,W4-17_ch2-trip,0.2039809755868238
HAT707_146,1,W4-17_c,1,W4-17_formic,-1,W4-17_co,-1,W4-17_t-hcoh,0.1279661901532965
HAT707_147,1,W4-17_c,1,W4-17_ketene,-1,W4-17_co,-1,W4-17_ch2c,0.1373684382467517
HAT707_148,1,W4-17_c,1,W4-17_glyoxal,-1,W4-17_co,-1,W4-17_oxirene,0.1286036307020053
HAT707_149,1,W4-17_c,1,W4-17_acetaldehyde,-1,W4-17_co,-1,W4-17_c2h4,0.23260205622385
HAT707_150,1,W4-17_c,1,W4-17_f2co,-1,W4-17_co,-1,W4-17_cf2,0.1559657662553316
HAT707_151,1,W4-17_c,1,W4-17_hcof,-1,W4-17_cf,-1,W4-17_hco,0.01338625152288531
HAT707_152,1,W4-17_c,1,W4-17_h2co,-1,W4-17_co,-1,W4-17_ch2-trip,0.12081091999404
HAT707_153,1,W4-17_c,1,W4-17_hco,-1,W4-17_co,-1,W4-17_ch,0.1028350965204511
HAT707_154,1,W4-17_c,1,W4-17_cs2,-1,W4-17_cs,-1,W4-17_cs,0.1014486633270094
HAT707_155,1,W4-17_c,1,W4-17_ocs,-1,W4-17_co,-1,W4-17_cs,0.1533044519644723
HAT707_156,1,W4-17_c,1,W4-17_co2,-1,W4-17_co,-1,W4-17_co,0.2060685933838452
HAT707_157,1,W4-17_c,1,W4-17_sio,-1,W4-17_co,-1,W4-17_si,0.106261339469761
HAT707_158,1,W4-17_c,1,W4-17_hcn,-1,W4-17_cn,-1,W4-17_ch,-0.07625382563929311
HAT707_159,1,W4-17_c,1,W4-17_h2s,-1,W4-17_cs,-1,W4-17_h2,0.1558542141593076
HAT707_160,1,W4-17_c,1,W4-17_alf,-1,W4-17_cf,-1,W4-17_al,-0.04949725860724021
HAT707_161,1,W4-17_c,1,W4-17_o3,-1,W4-17_co,-1,W4-17_o2,0.3715003517875028
HAT707_162,1,W4-17_c,1,W4-17_hooh,-1,W4-17_co,-1,W4-17_h2o,0.3563452027419505
HAT707_163,1,W4-17_c,1,W4-17_ssh,-1,W4-17_cs,-1,W4-17_hs,0.1511052820714268
HAT707_164,1,W4-17_c,1,W4-17_hoo,-1,W4-17_co,-1,W4-17_oh,0.3050153025571725
HAT707_165,1,W4-17_c,1,W4-17_h2o,-1,W4-17_co,-1,W4-17_h2,0.2171281869039433
HAT707_166,1,W4-17_c,1,W4-17_t-n2h2,-1,W4-17_cn,-1,W4-17_nh2,0.1074246684711546
HAT707_167,1,W4-17_c,1,W4-17_c2h3f,-1,W4-17_cf,-1,W4-17_ch2ch,0.007824582735400819
HAT707_168,1,W4-17_c,1,W4-17_hccf,-1,W4-17_cf,-1,W4-17_cch,0.0006533765624265449
HAT707_169,1,W4-17_c,1,W4-17_cf2,-2,W4-17_cf,0.01061338513600193
HAT707_170,1,W4-17_c,1,W4-17_sif,-1,W4-17_cf,-1,W4-17_si,-0.01592007770400289
HAT707_171,1,W4-17_c,1,W4-17_bf,-1,W4-17_cf,-1,W4-17_b,-0.07936134831424862
HAT707_172,1,W4-17_c,1,W4-17_bn3pi,-1,W4-17_cn,-1,W4-17_b,0.1203806476236615
HAT707_173,1,W4-17_c,1,W4-17_s2o,-1,W4-17_cs,-1,W4-17_so,0.1432647633223083
HAT707_174,1,W4-17_c,1,W4-17_s2o,-1,W4-17_co,-1,W4-17_s2,0.2473269328990238
HAT707_175,1,W4-17_c,1,W4-17_so3,-1,W4-17_co,-1,W4-17_so2,0.2763304778652754
HAT707_176,1,W4-17_c,1,W4-17_so3,-1,W4-17_cs,-1,W4-17_o3,-0.04350531744937727
HAT707_177,1,W4-17_c,1,W4-17_so2,-1,W4-17_co,-1,W4-17_so,0.2001085242534177
HAT707_178,1,W4-17_c,1,W4-17_so2,-1,W4-17_cs,-1,W4-17_o2,0.05166455647285022
HAT707_179,1,W4-17_c,1,W4-17_so,-1,W4-17_cs,-1,W4-17_o,0.07290726275857179
HAT707_180,1,W4-17_c,1,W4-17_so,-1,W4-17_co,-1,W4-17_s,0.2123633188023448
HAT707_181,1,W4-17_c,1,W4-17_s4-c2v,-1,W4-17_cs,-1,W4-17_s3,0.169288273723346
HAT707_182,1,W4-17_c,1,W4-17_s3,-1,W4-17_cs,-1,W4-17_s2,0.1722683082885598
HAT707_183,1,W4-17_c,1,W4-17_s2,-1,W4-17_cs,-1,W4-17_s,0.108317085239347
HAT707_184,1,W4-17_c,1,W4-17_clf,-1,W4-17_cf,-1,W4-17_cl,0.1114246079143025
HAT707_185,1,W4-17_c,1,W4-17_f2,-1,W4-17_cf,-1,W4-17_f,0.1492885765076067
HAT707_186,1,W4-17_c,1,W4-17_o2,-1,W4-17_co,-1,W4-17_o,0.2213512305391393
HAT707_187,1,W4-17_c,1,W4-17_n2,-1,W4-17_cn,-1,W4-17_n,-0.07510643265161723
HAT707_188,1,W4-17_n,1,W4-17_foof,-1,W4-17_no,-1,W4-17_f2o,0.1500535051660572
HAT707_189,1,W4-17_n,1,W4-17_fo2,-1,W4-17_no,-1,W4-17_of,0.1133050575329935
HAT707_190,1,W4-17_n,1,W4-17_oclo,-1,W4-17_no,-1,W4-17_clo,0.1435356755555095
HAT707_191,1,W4-17_n,1,W4-17_cl2o,-1,W4-17_no,-1,W4-17_cl2,0.1769534963215697
HAT707_192,1,W4-17_n,1,W4-17_f2o,-1,W4-17_no,-1,W4-17_f2,0.1561888704473797
HAT707_193,1,W4-17_n,1,W4-17_hocl,-1,W4-17_no,-1,W4-17_hcl,0.1498304009740091
HAT707_194,1,W4-17_n,1,W4-17_hof,-1,W4-17_no,-1,W4-17_hf,0.2162995141906218
HAT707_195,1,W4-17_n,1,W4-17_clo,-1,W4-17_no,-1,W4-17_cl,0.1391213997557009
HAT707_196,1,W4-17_n,1,W4-17_of,-1,W4-17_no,-1,W4-17_f,0.1588342487245213
HAT707_197,1,W4-17_n,1,W4-17_no2,-1,W4-17_no,-1,W4-17_no,0.1236794024632296
HAT707_198,1,W4-17_n,1,W4-17_no2,-1,W4-17_n2,-1,W4-17_o2,0.1935110145742813
HAT707_199,1,W4-17_n,1,W4-17_n2o,-1,W4-17_no,-1,W4-17_n2,0.1759017194162001
HAT707_200,1,W4-17_n,1,W4-17_t-hono,-1,W4-17_no,-1,W4-17_hno,0.07328972708779709
HAT707_201,1,W4-17_n,1,W4-17_t-hono,-1,W4-17_n2,-1,W4-17_hoo,0.1456073573388132
HAT707_202,1,W4-17_n,1,W4-17_hnco,-1,W4-17_n2,-1,W4-17_hco,0.1166038123725617
HAT707_203,1,W4-17_n,1,W4-17_hnco,-1,W4-17_cn,-1,W4-17_hno,-0.07569606515917289
HAT707_204,1,W4-17_n,1,W4-17_hnco,-1,W4-17_no,-1,W4-17_hcn,0.05008689111479587
HAT707_205,1,W4-17_n,1,W4-17_hno,-1,W4-17_n2,-1,W4-17_oh,0.2068494580560135
HAT707_206,1,W4-17_n,1,W4-17_no,-1,W4-17_n2,-1,W4-17_o,0.1206993678980159
HAT707_207,1,W4-17_n,1,W4-17_oxirene,-1,W4-17_no,-1,W4-17_c2h2,0.1628660601951046
HAT707_208,1,W4-17_n,1,W4-17_oxirane,-1,W4-17_no,-1,W4-17_c2h4,0.1040781055904333
HAT707_209,1,W4-17_n,1,W4-17_methanol,-1,W4-17_no,-1,W4-17_ch4,0.0950742578399211
HAT707_210,1,W4-17_n,1,W4-17_t-hcoh,-1,W4-17_cn,-1,W4-17_h2o,0.1463722859972638
HAT707_211,1,W4-17_n,1,W4-17_t-hcoh,-1,W4-17_no,-1,W4-17_ch2-trip,0.033481564820931
HAT707_212,1,W4-17_n,1,W4-17_formic,-1,W4-17_no,-1,W4-17_t-hcoh,-0.04251728459887858
HAT707_213,1,W4-17_n,1,W4-17_formic,-1,W4-17_cn,-1,W4-17_hooh,-0.0820067265913903
HAT707_214,1,W4-17_n,1,W4-17_ketene,-1,W4-17_no,-1,W4-17_ch2c,-0.03311503650542342
HAT707_215,1,W4-17_n,1,W4-17_ketene,-1,W4-17_cn,-1,W4-17_h2co,0.03593571093345997
HAT707_216,1,W4-17_n,1,W4-17_glyoxal,-1,W4-17_no,-1,W4-17_oxirene,-0.04187984405016977
HAT707_217,1,W4-17_n,1,W4-17_glyoxal,-1,W4-17_cn,-1,W4-17_formic,0.07673190605082474
HAT707_218,1,W4-17_n,1,W4-17_acetaldehyde,-1,W4-17_cn,-1,W4-17_methanol,0.02707528730640731
HAT707_219,1,W4-17_n,1,W4-17_acetaldehyde,-1,W4-17_no,-1,W4-17_c2h4,0.06211858147167493
HAT707_220,1,W4-17_n,1,W4-17_f2co,-1,W4-17_no,-1,W4-17_cf2,-0.01451770849684347
HAT707_221,1,W4-17_n,1,W4-17_f2co,-1,W4-17_cn,-1,W4-17_f2o,-0.2318849356065526
HAT707_222,1,W4-17_n,1,W4-17_h2co,-1,W4-17_no,-1,W4-17_ch2-trip,-0.04967255475813514
HAT707_223,1,W4-17_n,1,W4-17_h2co,-1,W4-17_cn,-1,W4-17_h2o,0.06321816641819766
HAT707_224,1,W4-17_n,1,W4-17_hco,-1,W4-17_no,-1,W4-17_ch,-0.06766431424544171
HAT707_225,1,W4-17_n,1,W4-17_cs2,-1,W4-17_cn,-1,W4-17_s2,0.007681158611941335
HAT707_226,1,W4-17_n,1,W4-17_ocs,-1,W4-17_no,-1,W4-17_cs,-0.01717902278770281
HAT707_227,1,W4-17_n,1,W4-17_ocs,-1,W4-17_cn,-1,W4-17_so,-0.04450928631359366
HAT707_228,1,W4-17_n,1,W4-17_co2,-1,W4-17_no,-1,W4-17_co,0.03558511863167012
HAT707_229,1,W4-17_n,1,W4-17_co2,-1,W4-17_cn,-1,W4-17_o2,-0.1401891126747882
HAT707_230,1,W4-17_n,1,W4-17_cs,-1,W4-17_cn,-1,W4-17_s,0.01454958052427892
HAT707_231,1,W4-17_n,1,W4-17_sio,-1,W4-17_no,-1,W4-17_si,-0.06423807129613178
HAT707_232,1,W4-17_n,1,W4-17_co,-1,W4-17_cn,-1,W4-17_o,-0.1249064755194941
HAT707_233,1,W4-17_n,1,W4-17_co,-1,W4-17_no,-1,W4-17_c,-0.1704834747521751
HAT707_234,1,W4-17_n,1,W4-17_hcn,-1,W4-17_n2,-1,W4-17_ch,-0.001131456973958163
HAT707_235,1,W4-17_n,1,W4-17_cn,-1,W4-17_n2,-1,W4-17_c,0.07510643265161723
HAT707_236,1,W4-17_n,1,W4-17_t-hooo,-1,W4-17_no,-1,W4-17_hoo,0.1513602582909104
HAT707_237,1,W4-17_n,1,W4-17_o3,-1,W4-17_no,-1,W4-17_o2,0.2010168770353277
HAT707_238,1,W4-17_n,1,W4-17_hooh,-1,W4-17_no,-1,W4-17_h2o,0.1858617279897754
HAT707_239,1,W4-17_n,1,W4-17_hoo,-1,W4-17_no,-1,W4-17_oh,0.1345318278049974
HAT707_240,1,W4-17_n,1,W4-17_h2o,-1,W4-17_no,-1,W4-17_h2,0.0466287761380505
HAT707_241,1,W4-17_n,1,W4-17_t-n2h2,-1,W4-17_n2,-1,W4-17_nh2,0.1825311011227719
HAT707_242,1,W4-17_n,1,W4-17_propyne,-1,W4-17_cn,-1,W4-17_c2h4,0.06348907865139891
HAT707_243,1,W4-17_n,1,W4-17_propene,-1,W4-17_cn,-1,W4-17_c2h6,0.05234980506271221
HAT707_244,1,W4-17_n,1,W4-17_c2h3f,-1,W4-17_cn,-1,W4-17_ch3f,0.04847735372930609
HAT707_245,1,W4-17_n,1,W4-17_c2h4,-1,W4-17_cn,-1,W4-17_ch4,0.06003096367465353
HAT707_246,1,W4-17_n,1,W4-17_ch2ch,-1,W4-17_cn,-1,W4-17_ch3,0.0687479631782467
HAT707_247,1,W4-17_n,1,W4-17_fccf,-1,W4-17_cn,-1,W4-17_cf2,0.0861341541442799
HAT707_248,1,W4-17_n,1,W4-17_c2h2,-1,W4-17_cn,-1,W4-17_ch2-trip,-0.05327409385834
HAT707_249,1,W4-17_n,1,W4-17_ccl2,-1,W4-17_cn,-1,W4-17_cl2,0.1015761514367512
HAT707_250,1,W4-17_n,1,W4-17_cf2,-1,W4-17_cn,-1,W4-17_f2,-0.06117835666232941
HAT707_251,1,W4-17_n,1,W4-17_ch2-trip,-1,W4-17_cn,-1,W4-17_h2,0.1595194973143833
HAT707_252,1,W4-17_n,1,W4-17_cf,-1,W4-17_cn,-1,W4-17_f,0.07749683470927532
HAT707_253,1,W4-17_n,1,W4-17_bf,-1,W4-17_bn3pi,-1,W4-17_f,-0.1222292252149171
HAT707_254,1,W4-17_n,1,W4-17_bn3pi,-1,W4-17_n2,-1,W4-17_b,0.1954870802752787
HAT707_255,1,W4-17_n,1,W4-17_s2o,-1,W4-17_no,-1,W4-17_s2,0.07682752213313106
HAT707_256,1,W4-17_n,1,W4-17_so3,-1,W4-17_no,-1,W4-17_so2,0.1058470031131003
HAT707_257,1,W4-17_n,1,W4-17_so2,-1,W4-17_no,-1,W4-17_so,0.02962504950124261
HAT707_258,1,W4-17_n,1,W4-17_so,-1,W4-17_no,-1,W4-17_s,0.04187984405016977
HAT707_259,1,W4-17_n,1,W4-17_o2,-1,W4-17_no,-1,W4-17_o,0.05086775578696418
HAT707_260,1,W4-17_n,1,W4-17_b2,-1,W4-17_bn3pi,-1,W4-17_b,0.06113054862117626
HAT707_261,1,W4-17_o,1,W4-17_ch3f,-1,W4-17_of,-1,W4-17_ch3,-0.0988192210635855
HAT707_262,1,W4-17_o,1,W4-17_foof,-1,W4-17_of,-1,W4-17_fo2,0.05646129660188413
HAT707_263,1,W4-17_o,1,W4-17_foof,-1,W4-17_o2,-1,W4-17_f2o,0.0991698133653754
HAT707_264,1,W4-17_o,1,W4-17_fo2,-1,W4-17_o2,-1,W4-17_of,0.06243730174602934
HAT707_265,1,W4-17_o,1,W4-17_oclo,-1,W4-17_o2,-1,W4-17_clo,0.0926679197685454
HAT707_266,1,W4-17_o,1,W4-17_cl2o,-1,W4-17_clo,-1,W4-17_clo,0.04691562438496948
HAT707_267,1,W4-17_o,1,W4-17_cl2o,-1,W4-17_o2,-1,W4-17_cl2,0.1260857405346055
HAT707_268,1,W4-17_o,1,W4-17_f2o,-1,W4-17_of,-1,W4-17_of,0.01971284896882039
HAT707_269,1,W4-17_o,1,W4-17_f2o,-1,W4-17_o2,-1,W4-17_f2,0.1053211146604155
HAT707_270,1,W4-17_o,1,W4-17_hocl,-1,W4-17_o2,-1,W4-17_hcl,0.0989467091733273
HAT707_271,1,W4-17_o,1,W4-17_hof,-1,W4-17_o2,-1,W4-17_hf,0.1654317584036576
HAT707_272,1,W4-17_o,1,W4-17_clo,-1,W4-17_o2,-1,W4-17_cl,0.0882536439687367
HAT707_273,1,W4-17_o,1,W4-17_of,-1,W4-17_o2,-1,W4-17_f,0.1079664929375571
HAT707_274,1,W4-17_o,1,W4-17_no2,-1,W4-17_o2,-1,W4-17_no,0.07281164667626545
HAT707_275,1,W4-17_o,1,W4-17_t-hono,-1,W4-17_o2,-1,W4-17_hno,0.02240603528711518
HAT707_276,1,W4-17_o,1,W4-17_t-hono,-1,W4-17_no,-1,W4-17_hoo,0.02490798944079731
HAT707_277,1,W4-17_o,1,W4-17_hnco,-1,W4-17_no,-1,W4-17_hco,-0.004095555525454197
HAT707_278,1,W4-17_o,1,W4-17_hnco,-1,W4-17_co,-1,W4-17_hno,0.04921041036032125
HAT707_279,1,W4-17_o,1,W4-17_hnco,-1,W4-17_o2,-1,W4-17_hcn,-0.0007968006858860304
HAT707_280,1,W4-17_o,1,W4-17_hno,-1,W4-17_no,-1,W4-17_oh,0.0861500901579976
HAT707_281,1,W4-17_o,1,W4-17_no,-1,W4-17_o2,-1,W4-17_n,-0.05086775578696418
HAT707_282,1,W4-17_o,1,W4-17_oxirene,-1,W4-17_o2,-1,W4-17_c2h2,0.1119983044081404
HAT707_283,1,W4-17_o,1,W4-17_oxirane,-1,W4-17_o2,-1,W4-17_c2h4,0.05321034980346911
HAT707_284,1,W4-17_o,1,W4-17_methanol,-1,W4-17_o2,-1,W4-17_ch4,0.04420650205295696
HAT707_285,1,W4-17_o,1,W4-17_t-hcoh,-1,W4-17_co,-1,W4-17_h2o,0.2712787615167579
HAT707_286,1,W4-17_o,1,W4-17_t-hcoh,-1,W4-17_o2,-1,W4-17_ch2-trip,-0.01738619096603318
HAT707_287,1,W4-17_o,1,W4-17_formic,-1,W4-17_o2,-1,W4-17_t-hcoh,-0.0933850403858428
HAT707_288,1,W4-17_o,1,W4-17_formic,-1,W4-17_co,-1,W4-17_hooh,0.04289974892810388
HAT707_289,1,W4-17_o,1,W4-17_ketene,-1,W4-17_o2,-1,W4-17_ch2c,-0.0839827922923876
HAT707_290,1,W4-17_o,1,W4-17_ketene,-1,W4-17_co,-1,W4-17_h2co,0.1608262504392364
HAT707_291,1,W4-17_o,1,W4-17_glyoxal,-1,W4-17_o2,-1,W4-17_oxirene,-0.0927635358508517
HAT707_292,1,W4-17_o,1,W4-17_glyoxal,-1,W4-17_co,-1,W4-17_formic,0.2016383815703188
HAT707_293,1,W4-17_o,1,W4-17_acetaldehyde,-1,W4-17_co,-1,W4-17_methanol,0.1519658268121837
HAT707_294,1,W4-17_o,1,W4-17_acetaldehyde,-1,W4-17_o2,-1,W4-17_c2h4,0.01125082568471075
HAT707_295,1,W4-17_o,1,W4-17_f2co,-1,W4-17_o2,-1,W4-17_cf2,-0.06538546428380766
HAT707_296,1,W4-17_o,1,W4-17_f2co,-1,W4-17_co,-1,W4-17_f2o,-0.1069784600870584
HAT707_297,1,W4-17_o,1,W4-17_hcof,-1,W4-17_of,-1,W4-17_hco,-0.1135440977387594
HAT707_298,1,W4-17_o,1,W4-17_h2co,-1,W4-17_o2,-1,W4-17_ch2-trip,-0.1005403105450993
HAT707_299,1,W4-17_o,1,W4-17_h2co,-1,W4-17_co,-1,W4-17_h2o,0.1881087059239741
HAT707_300,1,W4-17_o,1,W4-17_hco,-1,W4-17_o2,-1,W4-17_ch,-0.1185320700324059
HAT707_301,1,W4-17_o,1,W4-17_cs2,-1,W4-17_so,-1,W4-17_cs,0.02854140056843761
HAT707_302,1,W4-17_o,1,W4-17_cs2,-1,W4-17_co,-1,W4-17_s2,0.1325876341314355
HAT707_303,1,W4-17_o,1,W4-17_ocs,-1,W4-17_o2,-1,W4-17_cs,-0.06804677857466701
HAT707_304,1,W4-17_o,1,W4-17_ocs,-1,W4-17_so,-1,W4-17_co,0.0803971892059005
HAT707_305,1,W4-17_o,1,W4-17_co2,-1,W4-17_o2,-1,W4-17_co,-0.01528263715529406
HAT707_306,1,W4-17_o,1,W4-17_cs,-1,W4-17_co,-1,W4-17_s,0.1394560560437731
HAT707_307,1,W4-17_o,1,W4-17_cs,-1,W4-17_so,-1,W4-17_c,-0.07290726275857179
HAT707_308,1,W4-17_o,1,W4-17_sio,-1,W4-17_o2,-1,W4-17_si,-0.115105827083096
HAT707_309,1,W4-17_o,1,W4-17_co,-1,W4-17_o2,-1,W4-17_c,-0.2213512305391393
HAT707_310,1,W4-17_o,1,W4-17_hcn,-1,W4-17_no,-1,W4-17_ch,-0.121830824871974
HAT707_311,1,W4-17_o,1,W4-17_cn,-1,W4-17_co,-1,W4-17_n,0.1249064755194941
HAT707_312,1,W4-17_o,1,W4-17_cn,-1,W4-17_no,-1,W4-17_c,-0.04559293524639866
HAT707_313,1,W4-17_o,1,W4-17_h2s,-1,W4-17_so,-1,W4-17_h2,0.0829469514007358
HAT707_314,1,W4-17_o,1,W4-17_alcl,-1,W4-17_clo,-1,W4-17_al,-0.0911061904242087
HAT707_315,1,W4-17_o,1,W4-17_alf,-1,W4-17_of,-1,W4-17_al,-0.1764276078688849
HAT707_316,1,W4-17_o,1,W4-17_t-hooo,-1,W4-17_o2,-1,W4-17_hoo,0.1004925025039462
HAT707_317,1,W4-17_o,1,W4-17_o3,-1,W4-17_o2,-1,W4-17_o2,0.1501491212483636
HAT707_318,1,W4-17_o,1,W4-17_hooh,-1,W4-17_o2,-1,W4-17_h2o,0.1349939722028113
HAT707_319,1,W4-17_o,1,W4-17_ssh,-1,W4-17_so,-1,W4-17_hs,0.07819801931285503
HAT707_320,1,W4-17_o,1,W4-17_hoo,-1,W4-17_o2,-1,W4-17_oh,0.0836640720180332
HAT707_321,1,W4-17_o,1,W4-17_h2o,-1,W4-17_o2,-1,W4-17_h2,-0.004238979648913682
HAT707_322,1,W4-17_o,1,W4-17_t-n2h2,-1,W4-17_no,-1,W4-17_nh2,0.06183173322475596
HAT707_323,1,W4-17_o,1,W4-17_propyne,-1,W4-17_co,-1,W4-17_c2h4,0.188395554170893
HAT707_324,1,W4-17_o,1,W4-17_propene,-1,W4-17_co,-1,W4-17_c2h6,0.1772562805822063
HAT707_325,1,W4-17_o,1,W4-17_c2h3f,-1,W4-17_of,-1,W4-17_ch2ch,-0.1191057665262438
HAT707_326,1,W4-17_o,1,W4-17_c2h3f,-1,W4-17_co,-1,W4-17_ch3f,0.1733678932350825
HAT707_327,1,W4-17_o,1,W4-17_c2h4,-1,W4-17_co,-1,W4-17_ch4,0.1849374391941477
HAT707_328,1,W4-17_o,1,W4-17_ch2ch,-1,W4-17_co,-1,W4-17_ch3,0.1936544386977408
HAT707_329,1,W4-17_o,1,W4-17_fccf,-1,W4-17_co,-1,W4-17_cf2,0.2110246936500562
HAT707_330,1,W4-17_o,1,W4-17_hccf,-1,W4-17_of,-1,W4-17_cch,-0.1262610366855004
HAT707_331,1,W4-17_o,1,W4-17_c2h2,-1,W4-17_co,-1,W4-17_ch2-trip,0.07163238166115415
HAT707_332,1,W4-17_o,1,W4-17_ccl2,-1,W4-17_co,-1,W4-17_cl2,0.2264826269562453
HAT707_333,1,W4-17_o,1,W4-17_cf2,-1,W4-17_co,-1,W4-17_f2,0.06372811885716471
HAT707_334,1,W4-17_o,1,W4-17_cf2,-1,W4-17_of,-1,W4-17_cf,-0.1163169641256427
HAT707_335,1,W4-17_o,1,W4-17_ch2-trip,-1,W4-17_co,-1,W4-17_h2,0.2844259728338774
HAT707_336,1,W4-17_o,1,W4-17_sif,-1,W4-17_of,-1,W4-17_si,-0.1428344909519298
HAT707_337,1,W4-17_o,1,W4-17_sif,-1,W4-17_sio,-1,W4-17_f,0.0802218930550055
HAT707_338,1,W4-17_o,1,W4-17_clcn,-1,W4-17_clo,-1,W4-17_cn,-0.06159269301899015
HAT707_339,1,W4-17_o,1,W4-17_cf,-1,W4-17_of,-1,W4-17_c,-0.1269303492616447
HAT707_340,1,W4-17_o,1,W4-17_cf,-1,W4-17_co,-1,W4-17_f,0.2024033102287695
HAT707_341,1,W4-17_o,1,W4-17_bf,-1,W4-17_of,-1,W4-17_b,-0.2062757615621756
HAT707_342,1,W4-17_o,1,W4-17_bn3pi,-1,W4-17_no,-1,W4-17_b,0.0747877123772628
HAT707_343,1,W4-17_o,1,W4-17_s2o,-1,W4-17_so,-1,W4-17_so,0.07035750056373649
HAT707_344,1,W4-17_o,1,W4-17_s2o,-1,W4-17_o2,-1,W4-17_s2,0.02595976634616687
HAT707_345,1,W4-17_o,1,W4-17_so3,-1,W4-17_o2,-1,W4-17_so2,0.0549792473261361
HAT707_346,1,W4-17_o,1,W4-17_so3,-1,W4-17_so,-1,W4-17_o3,-0.116412580207949
HAT707_347,1,W4-17_o,1,W4-17_so2,-1,W4-17_o2,-1,W4-17_so,-0.02124270628572157
HAT707_348,1,W4-17_o,1,W4-17_so,-1,W4-17_o2,-1,W4-17_s,-0.00898791173679442
HAT707_349,1,W4-17_o,1,W4-17_s4-c2v,-1,W4-17_so,-1,W4-17_s3,0.0963810109647742
HAT707_350,1,W4-17_o,1,W4-17_s3,-1,W4-17_so,-1,W4-17_s2,0.099361045529988
HAT707_351,1,W4-17_o,1,W4-17_s2,-1,W4-17_so,-1,W4-17_s,0.03539388646705748
HAT707_352,1,W4-17_o,1,W4-17_cl2,-1,W4-17_clo,-1,W4-17_cl,0.00908352781910075
HAT707_353,1,W4-17_o,1,W4-17_clf,-1,W4-17_clo,-1,W4-17_f,0.004223043635195961
HAT707_354,1,W4-17_o,1,W4-17_clf,-1,W4-17_of,-1,W4-17_cl,-0.01548980533362443
HAT707_355,1,W4-17_o,1,W4-17_f2,-1,W4-17_of,-1,W4-17_f,0.02235822724596201
HAT707_356,1,W4-17_o,1,W4-17_n2,-1,W4-17_no,-1,W4-17_n,-0.1206993678980159
HAT707_357,1,W4-17_f,1,W4-17_ch3f,-1,W4-17_f2,-1,W4-17_ch3,-0.1211933843232652
HAT707_358,1,W4-17_f,1,W4-17_foof,-1,W4-17_f2,-1,W4-17_fo2,0.03408713334220438
HAT707_359,1,W4-17_f,1,W4-17_foof,-1,W4-17_of,-1,W4-17_f2o,-0.00878074355846406
HAT707_360,1,W4-17_f,1,W4-17_fo2,-1,W4-17_of,-1,W4-17_of,-0.04552919119152778
HAT707_361,1,W4-17_f,1,W4-17_fo2,-1,W4-17_f2,-1,W4-17_o2,0.04006313848634962
HAT707_362,1,W4-17_f,1,W4-17_oclo,-1,W4-17_of,-1,W4-17_clo,-0.01529857316901178
HAT707_363,1,W4-17_f,1,W4-17_oclo,-1,W4-17_clf,-1,W4-17_o2,0.0884448761333494
HAT707_364,1,W4-17_f,1,W4-17_cl2o,-1,W4-17_clf,-1,W4-17_clo,0.0426925807497735
HAT707_365,1,W4-17_f,1,W4-17_cl2o,-1,W4-17_of,-1,W4-17_cl2,0.01811924759704833
HAT707_366,1,W4-17_f,1,W4-17_f2o,-1,W4-17_f2,-1,W4-17_of,-0.002645378277141621
HAT707_367,1,W4-17_f,1,W4-17_hocl,-1,W4-17_of,-1,W4-17_hcl,-0.00900384775051215
HAT707_368,1,W4-17_f,1,W4-17_hof,-1,W4-17_of,-1,W4-17_hf,0.05746526546610053
HAT707_369,1,W4-17_f,1,W4-17_clo,-1,W4-17_clf,-1,W4-17_o,-0.004223043635195961
HAT707_370,1,W4-17_f,1,W4-17_clo,-1,W4-17_of,-1,W4-17_cl,-0.01971284896882039
HAT707_371,1,W4-17_f,1,W4-17_of,-1,W4-17_f2,-1,W4-17_o,-0.02235822724596201
HAT707_372,1,W4-17_f,1,W4-17_no2,-1,W4-17_of,-1,W4-17_no,-0.03515484626129166
HAT707_373,1,W4-17_f,1,W4-17_n2o,-1,W4-17_of,-1,W4-17_n2,0.01706747069167877
HAT707_374,1,W4-17_f,1,W4-17_t-hono,-1,W4-17_of,-1,W4-17_hno,-0.0855445216367242
HAT707_375,1,W4-17_f,1,W4-17_hnco,-1,W4-17_cf,-1,W4-17_hno,-0.1531928998684482
HAT707_376,1,W4-17_f,1,W4-17_hnco,-1,W4-17_of,-1,W4-17_hcn,-0.1087473576097254
HAT707_377,1,W4-17_f,1,W4-17_no,-1,W4-17_of,-1,W4-17_n,-0.1588342487245213
HAT707_378,1,W4-17_f,1,W4-17_oxirene,-1,W4-17_of,-1,W4-17_c2h2,0.004031811470583313
HAT707_379,1,W4-17_f,1,W4-17_oxirane,-1,W4-17_of,-1,W4-17_c2h4,-0.05475614313408801
HAT707_380,1,W4-17_f,1,W4-17_methanol,-1,W4-17_of,-1,W4-17_ch4,-0.06375999088460016
HAT707_381,1,W4-17_f,1,W4-17_t-hcoh,-1,W4-17_cf,-1,W4-17_h2o,0.06887545128798847
HAT707_382,1,W4-17_f,1,W4-17_t-hcoh,-1,W4-17_of,-1,W4-17_ch2-trip,-0.1253526839035903
HAT707_383,1,W4-17_f,1,W4-17_formic,-1,W4-17_of,-1,W4-17_t-hcoh,-0.2013515333233999
HAT707_384,1,W4-17_f,1,W4-17_formic,-1,W4-17_cf,-1,W4-17_hooh,-0.1595035613006656
HAT707_385,1,W4-17_f,1,W4-17_ketene,-1,W4-17_of,-1,W4-17_ch2c,-0.1919492852299447
HAT707_386,1,W4-17_f,1,W4-17_ketene,-1,W4-17_cf,-1,W4-17_h2co,-0.04156112377581534
HAT707_387,1,W4-17_f,1,W4-17_glyoxal,-1,W4-17_of,-1,W4-17_oxirene,-0.200714092774691
HAT707_388,1,W4-17_f,1,W4-17_glyoxal,-1,W4-17_cf,-1,W4-17_formic,-0.0007649286584505893
HAT707_389,1,W4-17_f,1,W4-17_acetaldehyde,-1,W4-17_cf,-1,W4-17_methanol,-0.05042154740286801
HAT707_390,1,W4-17_f,1,W4-17_acetaldehyde,-1,W4-17_of,-1,W4-17_c2h4,-0.0967156672528464
HAT707_391,1,W4-17_f,1,W4-17_f2co,-1,W4-17_of,-1,W4-17_cf2,-0.1733519572213648
HAT707_392,1,W4-17_f,1,W4-17_f2co,-1,W4-17_cf,-1,W4-17_f2o,-0.3093817703158279
HAT707_393,1,W4-17_f,1,W4-17_hcof,-1,W4-17_f2,-1,W4-17_hco,-0.1359023249847213
HAT707_394,1,W4-17_f,1,W4-17_h2co,-1,W4-17_of,-1,W4-17_ch2-trip,-0.2085068034826564
HAT707_395,1,W4-17_f,1,W4-17_h2co,-1,W4-17_cf,-1,W4-17_h2o,-0.01427866829107767
HAT707_396,1,W4-17_f,1,W4-17_hco,-1,W4-17_of,-1,W4-17_ch,-0.226498562969963
HAT707_397,1,W4-17_f,1,W4-17_cs2,-1,W4-17_cf,-1,W4-17_s2,-0.06981567609733399
HAT707_398,1,W4-17_f,1,W4-17_ocs,-1,W4-17_of,-1,W4-17_cs,-0.1760132715122241
HAT707_399,1,W4-17_f,1,W4-17_ocs,-1,W4-17_cf,-1,W4-17_so,-0.122006121022869
HAT707_400,1,W4-17_f,1,W4-17_co2,-1,W4-17_of,-1,W4-17_co,-0.1232491300928512
HAT707_401,1,W4-17_f,1,W4-17_co2,-1,W4-17_cf,-1,W4-17_o2,-0.2176859473840635
HAT707_402,1,W4-17_f,1,W4-17_cs,-1,W4-17_cf,-1,W4-17_s,-0.0629472541849964
HAT707_403,1,W4-17_f,1,W4-17_sio,-1,W4-17_sif,-1,W4-17_o,-0.0802218930550055
HAT707_404,1,W4-17_f,1,W4-17_sio,-1,W4-17_of,-1,W4-17_si,-0.2230723200206531
HAT707_405,1,W4-17_f,1,W4-17_co,-1,W4-17_cf,-1,W4-17_o,-0.2024033102287695
HAT707_406,1,W4-17_f,1,W4-17_co,-1,W4-17_of,-1,W4-17_c,-0.3293177234766964
HAT707_407,1,W4-17_f,1,W4-17_cn,-1,W4-17_cf,-1,W4-17_n,-0.07749683470927532
HAT707_408,1,W4-17_f,1,W4-17_alcl,-1,W4-17_alf,-1,W4-17_cl,0.06559263246213803
HAT707_409,1,W4-17_f,1,W4-17_alcl,-1,W4-17_clf,-1,W4-17_al,-0.0953292340594047
HAT707_410,1,W4-17_f,1,W4-17_alf,-1,W4-17_f2,-1,W4-17_al,-0.1987858351148469
HAT707_411,1,W4-17_f,1,W4-17_t-hooo,-1,W4-17_of,-1,W4-17_hoo,-0.007473990433610966
HAT707_412,1,W4-17_f,1,W4-17_o3,-1,W4-17_of,-1,W4-17_o2,0.04218262831080644
HAT707_413,1,W4-17_f,1,W4-17_hooh,-1,W4-17_of,-1,W4-17_h2o,0.02702747926525416
HAT707_414,1,W4-17_f,1,W4-17_h2o,-1,W4-17_of,-1,W4-17_h2,-0.1122054725864708
HAT707_415,1,W4-17_f,1,W4-17_propyne,-1,W4-17_cf,-1,W4-17_c2h4,-0.01400775605787641
HAT707_416,1,W4-17_f,1,W4-17_propene,-1,W4-17_cf,-1,W4-17_c2h6,-0.02514702964656312
HAT707_417,1,W4-17_f,1,W4-17_c2h3f,-1,W4-17_f2,-1,W4-17_ch2ch,-0.1414639937722058
HAT707_418,1,W4-17_f,1,W4-17_c2h3f,-1,W4-17_cf,-1,W4-17_ch3f,-0.02901948097996923
HAT707_419,1,W4-17_f,1,W4-17_c2h4,-1,W4-17_cf,-1,W4-17_ch4,-0.01746587103462179
HAT707_420,1,W4-17_f,1,W4-17_ch2ch,-1,W4-17_cf,-1,W4-17_ch3,-0.00874887153102861
HAT707_421,1,W4-17_f,1,W4-17_fccf,-1,W4-17_cf,-1,W4-17_cf2,0.00863731943500457
HAT707_422,1,W4-17_f,1,W4-17_hccf,-1,W4-17_f2,-1,W4-17_cch,-0.1486351999451801
HAT707_423,1,W4-17_f,1,W4-17_c2h2,-1,W4-17_cf,-1,W4-17_ch2-trip,-0.1307709285676153
HAT707_424,1,W4-17_f,1,W4-17_ccl2,-1,W4-17_cf,-1,W4-17_cl2,0.02407931672747584
HAT707_425,1,W4-17_f,1,W4-17_cf2,-1,W4-17_f2,-1,W4-17_cf,-0.1386751913716047
HAT707_426,1,W4-17_f,1,W4-17_ch2-trip,-1,W4-17_cf,-1,W4-17_h2,0.082022662605108
HAT707_427,1,W4-17_f,1,W4-17_sif,-1,W4-17_f2,-1,W4-17_si,-0.1652086542116096
HAT707_428,1,W4-17_f,1,W4-17_clcn,-1,W4-17_clf,-1,W4-17_cn,-0.0658157366541861
HAT707_429,1,W4-17_f,1,W4-17_cf,-1,W4-17_f2,-1,W4-17_c,-0.1492885765076067
HAT707_430,1,W4-17_f,1,W4-17_bf,-1,W4-17_f2,-1,W4-17_b,-0.2286499248218553
HAT707_431,1,W4-17_f,1,W4-17_bn3pi,-1,W4-17_bf,-1,W4-17_n,0.1222292252149171
HAT707_432,1,W4-17_f,1,W4-17_s2o,-1,W4-17_of,-1,W4-17_s2,-0.0819907905776726
HAT707_433,1,W4-17_f,1,W4-17_so3,-1,W4-17_of,-1,W4-17_so2,-0.05298724561142103
HAT707_434,1,W4-17_f,1,W4-17_so2,-1,W4-17_of,-1,W4-17_so,-0.1292091992232787
HAT707_435,1,W4-17_f,1,W4-17_so,-1,W4-17_of,-1,W4-17_s,-0.1169544046743515
HAT707_436,1,W4-17_f,1,W4-17_cl2,-1,W4-17_clf,-1,W4-17_cl,0.004860484183904785
HAT707_437,1,W4-17_f,1,W4-17_clf,-1,W4-17_f2,-1,W4-17_cl,-0.03786396859330416
HAT707_438,1,W4-17_f,1,W4-17_o2,-1,W4-17_of,-1,W4-17_o,-0.1079664929375571
HAT707_439,1,W4-17_f,1,W4-17_b2,-1,W4-17_bf,-1,W4-17_b,0.1833597738360933
HAT707_440,1,W4-17_s,1,W4-17_foof,-1,W4-17_so,-1,W4-17_f2o,0.1081736611158875
HAT707_441,1,W4-17_s,1,W4-17_fo2,-1,W4-17_so,-1,W4-17_of,0.07142521348282377
HAT707_442,1,W4-17_s,1,W4-17_oclo,-1,W4-17_so,-1,W4-17_clo,0.1016558315053398
HAT707_443,1,W4-17_s,1,W4-17_cl2o,-1,W4-17_so,-1,W4-17_cl2,0.1350736522713999
HAT707_444,1,W4-17_s,1,W4-17_f2o,-1,W4-17_so,-1,W4-17_f2,0.11430902639721
HAT707_445,1,W4-17_s,1,W4-17_hocl,-1,W4-17_so,-1,W4-17_hcl,0.1079505569238394
HAT707_446,1,W4-17_s,1,W4-17_hof,-1,W4-17_so,-1,W4-17_hf,0.1744196701404521
HAT707_447,1,W4-17_s,1,W4-17_clo,-1,W4-17_so,-1,W4-17_cl,0.0972415557055312
HAT707_448,1,W4-17_s,1,W4-17_of,-1,W4-17_so,-1,W4-17_f,0.1169544046743515
HAT707_449,1,W4-17_s,1,W4-17_no2,-1,W4-17_so,-1,W4-17_no,0.0817995584130599
HAT707_450,1,W4-17_s,1,W4-17_n2o,-1,W4-17_so,-1,W4-17_n2,0.1340218753660303
HAT707_451,1,W4-17_s,1,W4-17_t-hono,-1,W4-17_so,-1,W4-17_hno,0.03140988303762732
HAT707_452,1,W4-17_s,1,W4-17_hnco,-1,W4-17_cs,-1,W4-17_hno,-0.0902456456834518
HAT707_453,1,W4-17_s,1,W4-17_hnco,-1,W4-17_so,-1,W4-17_hcn,0.00820704706462611
HAT707_454,1,W4-17_s,1,W4-17_no,-1,W4-17_so,-1,W4-17_n,-0.04187984405016977
HAT707_455,1,W4-17_s,1,W4-17_oxirene,-1,W4-17_so,-1,W4-17_c2h2,0.1209862161449349
HAT707_456,1,W4-17_s,1,W4-17_oxirane,-1,W4-17_so,-1,W4-17_c2h4,0.06219826154026355
HAT707_457,1,W4-17_s,1,W4-17_methanol,-1,W4-17_so,-1,W4-17_ch4,0.0531944137897514
HAT707_458,1,W4-17_s,1,W4-17_t-hcoh,-1,W4-17_cs,-1,W4-17_h2o,0.1318227054729849
HAT707_459,1,W4-17_s,1,W4-17_t-hcoh,-1,W4-17_so,-1,W4-17_ch2-trip,-0.00839827922923876
HAT707_460,1,W4-17_s,1,W4-17_formic,-1,W4-17_so,-1,W4-17_t-hcoh,-0.0843971286490483
HAT707_461,1,W4-17_s,1,W4-17_formic,-1,W4-17_cs,-1,W4-17_hooh,-0.0965563071156692
HAT707_462,1,W4-17_s,1,W4-17_ketene,-1,W4-17_so,-1,W4-17_ch2c,-0.07499488055559318
HAT707_463,1,W4-17_s,1,W4-17_ketene,-1,W4-17_cs,-1,W4-17_h2co,0.02137019439546334
HAT707_464,1,W4-17_s,1,W4-17_glyoxal,-1,W4-17_so,-1,W4-17_oxirene,-0.0837596881003395
HAT707_465,1,W4-17_s,1,W4-17_glyoxal,-1,W4-17_cs,-1,W4-17_formic,0.06218232552654581
HAT707_466,1,W4-17_s,1,W4-17_acetaldehyde,-1,W4-17_cs,-1,W4-17_methanol,0.0125257067821284
HAT707_467,1,W4-17_s,1,W4-17_acetaldehyde,-1,W4-17_so,-1,W4-17_c2h4,0.02023873742150517
HAT707_468,1,W4-17_s,1,W4-17_f2co,-1,W4-17_so,-1,W4-17_cf2,-0.05639755254701324
HAT707_469,1,W4-17_s,1,W4-17_f2co,-1,W4-17_cs,-1,W4-17_f2o,-0.2464345161308315
HAT707_470,1,W4-17_s,1,W4-17_h2co,-1,W4-17_so,-1,W4-17_ch2-trip,-0.0915523988083049
HAT707_471,1,W4-17_s,1,W4-17_h2co,-1,W4-17_cs,-1,W4-17_h2o,0.04865264988020102
HAT707_472,1,W4-17_s,1,W4-17_hco,-1,W4-17_so,-1,W4-17_ch,-0.1095441582956115
HAT707_473,1,W4-17_s,1,W4-17_cs2,-1,W4-17_cs,-1,W4-17_s2,-0.006868421912337581
HAT707_474,1,W4-17_s,1,W4-17_ocs,-1,W4-17_so,-1,W4-17_cs,-0.05905886683787259
HAT707_475,1,W4-17_s,1,W4-17_ocs,-1,W4-17_s2,-1,W4-17_co,0.04498736672512528
HAT707_476,1,W4-17_s,1,W4-17_co2,-1,W4-17_so,-1,W4-17_co,-0.00629472541849964
HAT707_477,1,W4-17_s,1,W4-17_co2,-1,W4-17_cs,-1,W4-17_o2,-0.1547386931990671
HAT707_478,1,W4-17_s,1,W4-17_cs,-1,W4-17_s2,-1,W4-17_c,-0.108317085239347
HAT707_479,1,W4-17_s,1,W4-17_sio,-1,W4-17_so,-1,W4-17_si,-0.1061179153463015
HAT707_480,1,W4-17_s,1,W4-17_co,-1,W4-17_cs,-1,W4-17_o,-0.1394560560437731
HAT707_481,1,W4-17_s,1,W4-17_co,-1,W4-17_so,-1,W4-17_c,-0.2123633188023448
HAT707_482,1,W4-17_s,1,W4-17_cn,-1,W4-17_cs,-1,W4-17_n,-0.01454958052427892
HAT707_483,1,W4-17_s,1,W4-17_h2s,-1,W4-17_s2,-1,W4-17_h2,0.04753712891996057
HAT707_484,1,W4-17_s,1,W4-17_t-hooo,-1,W4-17_so,-1,W4-17_hoo,0.1094804142407406
HAT707_485,1,W4-17_s,1,W4-17_o3,-1,W4-17_so,-1,W4-17_o2,0.159137032985158
HAT707_486,1,W4-17_s,1,W4-17_hooh,-1,W4-17_so,-1,W4-17_h2o,0.1439818839396057
HAT707_487,1,W4-17_s,1,W4-17_h2o,-1,W4-17_so,-1,W4-17_h2,0.004748932087880742
HAT707_488,1,W4-17_s,1,W4-17_propyne,-1,W4-17_cs,-1,W4-17_c2h4,0.04893949812712
HAT707_489,1,W4-17_s,1,W4-17_propene,-1,W4-17_cs,-1,W4-17_c2h6,0.03780022453843328
HAT707_490,1,W4-17_s,1,W4-17_c2h3f,-1,W4-17_cs,-1,W4-17_ch3f,0.03392777320502718
HAT707_491,1,W4-17_s,1,W4-17_c2h4,-1,W4-17_cs,-1,W4-17_ch4,0.04548138315037462
HAT707_492,1,W4-17_s,1,W4-17_ch2ch,-1,W4-17_cs,-1,W4-17_ch3,0.05419838265396779
HAT707_493,1,W4-17_s,1,W4-17_fccf,-1,W4-17_cs,-1,W4-17_cf2,0.07156863760628324
HAT707_494,1,W4-17_s,1,W4-17_c2h2,-1,W4-17_cs,-1,W4-17_ch2-trip,-0.06782367438261891
HAT707_495,1,W4-17_s,1,W4-17_ccl2,-1,W4-17_cs,-1,W4-17_cl2,0.0870265709124723
HAT707_496,1,W4-17_s,1,W4-17_cf2,-1,W4-17_cs,-1,W4-17_f2,-0.07572793718660833
HAT707_497,1,W4-17_s,1,W4-17_ch2-trip,-1,W4-17_cs,-1,W4-17_h2,0.1449699167901044
HAT707_498,1,W4-17_s,1,W4-17_cf,-1,W4-17_cs,-1,W4-17_f,0.0629472541849964
HAT707_499,1,W4-17_s,1,W4-17_s2o,-1,W4-17_s2,-1,W4-17_so,0.03496361409667902
HAT707_500,1,W4-17_s,1,W4-17_so3,-1,W4-17_so,-1,W4-17_so2,0.06396715906293053
HAT707_501,1,W4-17_s,1,W4-17_so3,-1,W4-17_s2,-1,W4-17_o3,-0.1518064666750065
HAT707_502,1,W4-17_s,1,W4-17_so2,-1,W4-17_so,-1,W4-17_so,-0.01225479454892715
HAT707_503,1,W4-17_s,1,W4-17_so2,-1,W4-17_s2,-1,W4-17_o2,-0.05665252876649676
HAT707_504,1,W4-17_s,1,W4-17_so,-1,W4-17_s2,-1,W4-17_o,-0.03539388646705748
HAT707_505,1,W4-17_s,1,W4-17_s4-c2v,-1,W4-17_s2,-1,W4-17_s3,0.06098712449771677
HAT707_506,1,W4-17_s,1,W4-17_s3,-1,W4-17_s2,-1,W4-17_s2,0.06396715906293053
HAT707_507,1,W4-17_s,1,W4-17_o2,-1,W4-17_so,-1,W4-17_o,0.00898791173679442
HAT707_508,1,W4-17_cl,1,W4-17_ch3f,-1,W4-17_clf,-1,W4-17_ch3,-0.0833294157299611
HAT707_509,1,W4-17_cl,1,W4-17_foof,-1,W4-17_clf,-1,W4-17_fo2,0.07195110193550855
HAT707_510,1,W4-17_cl,1,W4-17_foof,-1,W4-17_clo,-1,W4-17_f2o,0.01093210541035634
HAT707_511,1,W4-17_cl,1,W4-17_fo2,-1,W4-17_clo,-1,W4-17_of,-0.02581634222270739
HAT707_512,1,W4-17_cl,1,W4-17_fo2,-1,W4-17_clf,-1,W4-17_o2,0.07792710707965378
HAT707_513,1,W4-17_cl,1,W4-17_oclo,-1,W4-17_clo,-1,W4-17_clo,0.004414275799808609
HAT707_514,1,W4-17_cl,1,W4-17_oclo,-1,W4-17_cl2,-1,W4-17_o2,0.0835843919494446
HAT707_515,1,W4-17_cl,1,W4-17_cl2o,-1,W4-17_clo,-1,W4-17_cl2,0.03783209656586872
HAT707_516,1,W4-17_cl,1,W4-17_f2o,-1,W4-17_clf,-1,W4-17_of,0.03520265430244482
HAT707_517,1,W4-17_cl,1,W4-17_f2o,-1,W4-17_clo,-1,W4-17_f2,0.01706747069167877
HAT707_518,1,W4-17_cl,1,W4-17_hocl,-1,W4-17_clo,-1,W4-17_hcl,0.01070900121830825
HAT707_519,1,W4-17_cl,1,W4-17_hof,-1,W4-17_clo,-1,W4-17_hf,0.0771781144349209
HAT707_520,1,W4-17_cl,1,W4-17_clo,-1,W4-17_cl2,-1,W4-17_o,-0.00908352781910075
HAT707_521,1,W4-17_cl,1,W4-17_of,-1,W4-17_clf,-1,W4-17_o,0.01548980533362443
HAT707_522,1,W4-17_cl,1,W4-17_no2,-1,W4-17_clo,-1,W4-17_no,-0.01544199729247127
HAT707_523,1,W4-17_cl,1,W4-17_n2o,-1,W4-17_clo,-1,W4-17_n2,0.03678031966049916
HAT707_524,1,W4-17_cl,1,W4-17_t-hono,-1,W4-17_clo,-1,W4-17_hno,-0.06583167266790384
HAT707_525,1,W4-17_cl,1,W4-17_hnco,-1,W4-17_clo,-1,W4-17_hcn,-0.089034508640905
HAT707_526,1,W4-17_cl,1,W4-17_no,-1,W4-17_clo,-1,W4-17_n,-0.1391213997557009
HAT707_527,1,W4-17_cl,1,W4-17_oxirene,-1,W4-17_clo,-1,W4-17_c2h2,0.02374466043940371
HAT707_528,1,W4-17_cl,1,W4-17_oxirane,-1,W4-17_clo,-1,W4-17_c2h4,-0.0350273581515499
HAT707_529,1,W4-17_cl,1,W4-17_methanol,-1,W4-17_clo,-1,W4-17_ch4,-0.04403120590206204
HAT707_530,1,W4-17_cl,1,W4-17_t-hcoh,-1,W4-17_clo,-1,W4-17_ch2-trip,-0.1056398349347699
HAT707_531,1,W4-17_cl,1,W4-17_formic,-1,W4-17_clo,-1,W4-17_t-hcoh,-0.1816386843545795
HAT707_532,1,W4-17_cl,1,W4-17_ketene,-1,W4-17_clo,-1,W4-17_ch2c,-0.1722364362611243
HAT707_533,1,W4-17_cl,1,W4-17_glyoxal,-1,W4-17_clo,-1,W4-17_oxirene,-0.1810012438058707
HAT707_534,1,W4-17_cl,1,W4-17_acetaldehyde,-1,W4-17_clo,-1,W4-17_c2h4,-0.07700281828402598
HAT707_535,1,W4-17_cl,1,W4-17_f2co,-1,W4-17_clo,-1,W4-17_cf2,-0.1536391082525444
HAT707_536,1,W4-17_cl,1,W4-17_hcof,-1,W4-17_clf,-1,W4-17_hco,-0.0980383563914172
HAT707_537,1,W4-17_cl,1,W4-17_h2co,-1,W4-17_clo,-1,W4-17_ch2-trip,-0.188793954513836
HAT707_538,1,W4-17_cl,1,W4-17_hco,-1,W4-17_clo,-1,W4-17_ch,-0.2067697779874249
HAT707_539,1,W4-17_cl,1,W4-17_ocs,-1,W4-17_clo,-1,W4-17_cs,-0.1563004225434037
HAT707_540,1,W4-17_cl,1,W4-17_co2,-1,W4-17_clo,-1,W4-17_co,-0.1035362811240308
HAT707_541,1,W4-17_cl,1,W4-17_sio,-1,W4-17_clo,-1,W4-17_si,-0.2033594710518327
HAT707_542,1,W4-17_cl,1,W4-17_co,-1,W4-17_clo,-1,W4-17_c,-0.309604874507876
HAT707_543,1,W4-17_cl,1,W4-17_alcl,-1,W4-17_cl2,-1,W4-17_al,-0.1001897182433095
HAT707_544,1,W4-17_cl,1,W4-17_alf,-1,W4-17_alcl,-1,W4-17_f,-0.06559263246213803
HAT707_545,1,W4-17_cl,1,W4-17_alf,-1,W4-17_clf,-1,W4-17_al,-0.1609218665215427
HAT707_546,1,W4-17_cl,1,W4-17_t-hooo,-1,W4-17_clo,-1,W4-17_hoo,0.01223885853520943
HAT707_547,1,W4-17_cl,1,W4-17_o3,-1,W4-17_clo,-1,W4-17_o2,0.06189547727962684
HAT707_548,1,W4-17_cl,1,W4-17_hooh,-1,W4-17_clo,-1,W4-17_h2o,0.04674032823407454
HAT707_549,1,W4-17_cl,1,W4-17_hoo,-1,W4-17_oh,-1,W4-17_clo,-0.004589571950703535
HAT707_550,1,W4-17_cl,1,W4-17_h2o,-1,W4-17_clo,-1,W4-17_h2,-0.0924766876039327
HAT707_551,1,W4-17_cl,1,W4-17_c2h3f,-1,W4-17_clf,-1,W4-17_ch2ch,-0.1036000251789017
HAT707_552,1,W4-17_cl,1,W4-17_hccf,-1,W4-17_clf,-1,W4-17_cch,-0.110771231351876
HAT707_553,1,W4-17_cl,1,W4-17_cf2,-1,W4-17_clf,-1,W4-17_cf,-0.1008112227783006
HAT707_554,1,W4-17_cl,1,W4-17_sif,-1,W4-17_clf,-1,W4-17_si,-0.1273446856183054
HAT707_555,1,W4-17_cl,1,W4-17_clcn,-1,W4-17_cl2,-1,W4-17_cn,-0.0706762208380909
HAT707_556,1,W4-17_cl,1,W4-17_cf,-1,W4-17_clf,-1,W4-17_c,-0.1114246079143025
HAT707_557,1,W4-17_cl,1,W4-17_bf,-1,W4-17_clf,-1,W4-17_b,-0.1907859562285511
HAT707_558,1,W4-17_cl,1,W4-17_s2o,-1,W4-17_clo,-1,W4-17_s2,-0.06227794160885214
HAT707_559,1,W4-17_cl,1,W4-17_so3,-1,W4-17_clo,-1,W4-17_so2,-0.03327439664260063
HAT707_560,1,W4-17_cl,1,W4-17_so2,-1,W4-17_clo,-1,W4-17_so,-0.1094963502544583
HAT707_561,1,W4-17_cl,1,W4-17_so,-1,W4-17_clo,-1,W4-17_s,-0.0972415557055312
HAT707_562,1,W4-17_cl,1,W4-17_clf,-1,W4-17_cl2,-1,W4-17_f,-0.004860484183904785
HAT707_563,1,W4-17_cl,1,W4-17_f2,-1,W4-17_clf,-1,W4-17_f,0.03786396859330416
HAT707_564,1,W4-17_cl,1,W4-17_o2,-1,W4-17_clo,-1,W4-17_o,-0.0882536439687367
HAT707_565,1,W4-17_oh,1,W4-17_ch3f,-1,W4-17_hof,-1,W4-17_ch3,-0.101416791299574
HAT707_566,1,W4-17_oh,1,W4-17_foof,-1,W4-17_hof,-1,W4-17_fo2,0.05386372636589566
HAT707_567,1,W4-17_oh,1,W4-17_foof,-1,W4-17_hoo,-1,W4-17_f2o,0.01552167736105987
HAT707_568,1,W4-17_oh,1,W4-17_fo2,-1,W4-17_hoo,-1,W4-17_of,-0.02122677027200385
HAT707_569,1,W4-17_oh,1,W4-17_fo2,-1,W4-17_hof,-1,W4-17_o2,0.05983973151004088
HAT707_570,1,W4-17_oh,1,W4-17_oclo,-1,W4-17_hoo,-1,W4-17_clo,0.00900384775051215
HAT707_571,1,W4-17_oh,1,W4-17_oclo,-1,W4-17_hocl,-1,W4-17_o2,0.082421062948051
HAT707_572,1,W4-17_oh,1,W4-17_cl2o,-1,W4-17_hocl,-1,W4-17_clo,0.03666876756447512
HAT707_573,1,W4-17_oh,1,W4-17_cl2o,-1,W4-17_hoo,-1,W4-17_cl2,0.04242166851657226
HAT707_574,1,W4-17_oh,1,W4-17_f2o,-1,W4-17_hof,-1,W4-17_of,0.01711527873283194
HAT707_575,1,W4-17_oh,1,W4-17_f2o,-1,W4-17_hoo,-1,W4-17_f2,0.02165704264238231
HAT707_576,1,W4-17_oh,1,W4-17_hocl,-1,W4-17_hoo,-1,W4-17_hcl,0.01529857316901178
HAT707_577,1,W4-17_oh,1,W4-17_hof,-1,W4-17_hoo,-1,W4-17_hf,0.0817676863856244
HAT707_578,1,W4-17_oh,1,W4-17_clo,-1,W4-17_hocl,-1,W4-17_o,-0.01024685682049435
HAT707_579,1,W4-17_oh,1,W4-17_clo,-1,W4-17_hoo,-1,W4-17_cl,0.004589571950703535
HAT707_580,1,W4-17_oh,1,W4-17_of,-1,W4-17_hof,-1,W4-17_o,-0.002597570235988459
HAT707_581,1,W4-17_oh,1,W4-17_of,-1,W4-17_hoo,-1,W4-17_f,0.02430242091952393
HAT707_582,1,W4-17_oh,1,W4-17_no2,-1,W4-17_hoo,-1,W4-17_no,-0.01085242534176774
HAT707_583,1,W4-17_oh,1,W4-17_no2,-1,W4-17_hno,-1,W4-17_o2,-0.01335437949544987
HAT707_584,1,W4-17_oh,1,W4-17_n2o,-1,W4-17_hoo,-1,W4-17_n2,0.0413698916112027
HAT707_585,1,W4-17_oh,1,W4-17_n2o,-1,W4-17_hno,-1,W4-17_no,-0.03094773863981342
HAT707_586,1,W4-17_oh,1,W4-17_t-hono,-1,W4-17_hoo,-1,W4-17_hno,-0.0612421007172003
HAT707_587,1,W4-17_oh,1,W4-17_hnco,-1,W4-17_hco,-1,W4-17_hno,-0.0902456456834518
HAT707_588,1,W4-17_oh,1,W4-17_hnco,-1,W4-17_hoo,-1,W4-17_hcn,-0.0844449366902015
HAT707_589,1,W4-17_oh,1,W4-17_no,-1,W4-17_hno,-1,W4-17_o,-0.0861500901579976
HAT707_590,1,W4-17_oh,1,W4-17_no,-1,W4-17_hoo,-1,W4-17_n,-0.1345318278049974
HAT707_591,1,W4-17_oh,1,W4-17_oxirene,-1,W4-17_hoo,-1,W4-17_c2h2,0.02833423239010724
HAT707_592,1,W4-17_oh,1,W4-17_oxirane,-1,W4-17_hoo,-1,W4-17_c2h4,-0.03045372221456408
HAT707_593,1,W4-17_oh,1,W4-17_methanol,-1,W4-17_hoo,-1,W4-17_ch4,-0.03945756996507623
HAT707_594,1,W4-17_oh,1,W4-17_t-hcoh,-1,W4-17_hco,-1,W4-17_h2o,0.1318067694592671
HAT707_595,1,W4-17_oh,1,W4-17_t-hcoh,-1,W4-17_hoo,-1,W4-17_ch2-trip,-0.1010502629840664
HAT707_596,1,W4-17_oh,1,W4-17_formic,-1,W4-17_hoo,-1,W4-17_t-hcoh,-0.177049112403876
HAT707_597,1,W4-17_oh,1,W4-17_formic,-1,W4-17_hco,-1,W4-17_hooh,-0.0965722431293869
HAT707_598,1,W4-17_oh,1,W4-17_ketene,-1,W4-17_hoo,-1,W4-17_ch2c,-0.1676468643104208
HAT707_599,1,W4-17_oh,1,W4-17_ketene,-1,W4-17_hco,-1,W4-17_h2co,0.02137019439546334
HAT707_600,1,W4-17_oh,1,W4-17_glyoxal,-1,W4-17_hoo,-1,W4-17_oxirene,-0.1764116718551672
HAT707_601,1,W4-17_oh,1,W4-17_glyoxal,-1,W4-17_hco,-1,W4-17_formic,0.06216638951282809
HAT707_602,1,W4-17_oh,1,W4-17_acetaldehyde,-1,W4-17_hco,-1,W4-17_methanol,0.01250977076841068
HAT707_603,1,W4-17_oh,1,W4-17_acetaldehyde,-1,W4-17_hoo,-1,W4-17_c2h4,-0.07241324633332244
HAT707_604,1,W4-17_oh,1,W4-17_f2co,-1,W4-17_hoo,-1,W4-17_cf2,-0.1490495363018409
HAT707_605,1,W4-17_oh,1,W4-17_f2co,-1,W4-17_hco,-1,W4-17_f2o,-0.2464345161308315
HAT707_606,1,W4-17_oh,1,W4-17_hcof,-1,W4-17_hof,-1,W4-17_hco,-0.1161416679747478
HAT707_607,1,W4-17_oh,1,W4-17_h2co,-1,W4-17_hoo,-1,W4-17_ch2-trip,-0.1842043825631325
HAT707_608,1,W4-17_oh,1,W4-17_h2co,-1,W4-17_hco,-1,W4-17_h2o,0.04865264988020102
HAT707_609,1,W4-17_oh,1,W4-17_hco,-1,W4-17_hoo,-1,W4-17_ch,-0.202196142050439
HAT707_610,1,W4-17_oh,1,W4-17_cs2,-1,W4-17_hco,-1,W4-17_s2,-0.006868421912337581
HAT707_611,1,W4-17_oh,1,W4-17_ocs,-1,W4-17_hoo,-1,W4-17_cs,-0.1517108505927002
HAT707_612,1,W4-17_oh,1,W4-17_ocs,-1,W4-17_hco,-1,W4-17_so,-0.05907480285159029
HAT707_613,1,W4-17_oh,1,W4-17_co2,-1,W4-17_hoo,-1,W4-17_co,-0.0989467091733273
HAT707_614,1,W4-17_oh,1,W4-17_co2,-1,W4-17_hco,-1,W4-17_o2,-0.1547386931990671
HAT707_615,1,W4-17_oh,1,W4-17_cs,-1,W4-17_hco,-1,W4-17_s,0.
HAT707_616,1,W4-17_oh,1,W4-17_sio,-1,W4-17_hoo,-1,W4-17_si,-0.1987698991011292
HAT707_617,1,W4-17_oh,1,W4-17_co,-1,W4-17_hco,-1,W4-17_o,-0.1394560560437731
HAT707_618,1,W4-17_oh,1,W4-17_co,-1,W4-17_hoo,-1,W4-17_c,-0.3050153025571725
HAT707_619,1,W4-17_oh,1,W4-17_hcn,-1,W4-17_hno,-1,W4-17_ch,-0.2079809150299717
HAT707_620,1,W4-17_oh,1,W4-17_cn,-1,W4-17_hco,-1,W4-17_n,-0.01456551653799664
HAT707_621,1,W4-17_oh,1,W4-17_cn,-1,W4-17_hno,-1,W4-17_c,-0.1317430254043963
HAT707_622,1,W4-17_oh,1,W4-17_alcl,-1,W4-17_hocl,-1,W4-17_al,-0.1013530472447031
HAT707_623,1,W4-17_oh,1,W4-17_alf,-1,W4-17_hof,-1,W4-17_al,-0.1790251781048733
HAT707_624,1,W4-17_oh,1,W4-17_t-hooo,-1,W4-17_hoo,-1,W4-17_hoo,0.01682843048591296
HAT707_625,1,W4-17_oh,1,W4-17_o3,-1,W4-17_hoo,-1,W4-17_o2,0.06648504923033038
HAT707_626,1,W4-17_oh,1,W4-17_hooh,-1,W4-17_hoo,-1,W4-17_h2o,0.05132990018477807
HAT707_627,1,W4-17_oh,1,W4-17_h2o,-1,W4-17_hoo,-1,W4-17_h2,-0.0879030516669469
HAT707_628,1,W4-17_oh,1,W4-17_t-n2h2,-1,W4-17_hno,-1,W4-17_nh2,-0.02431835693324165
HAT707_629,1,W4-17_oh,1,W4-17_propyne,-1,W4-17_hco,-1,W4-17_c2h4,0.04892356211340227
HAT707_630,1,W4-17_oh,1,W4-17_propene,-1,W4-17_hco,-1,W4-17_c2h6,0.03780022453843328
HAT707_631,1,W4-17_oh,1,W4-17_c2h3f,-1,W4-17_hof,-1,W4-17_ch2ch,-0.1217033367622323
HAT707_632,1,W4-17_oh,1,W4-17_c2h3f,-1,W4-17_hco,-1,W4-17_ch3f,0.03391183719130946
HAT707_633,1,W4-17_oh,1,W4-17_c2h4,-1,W4-17_hco,-1,W4-17_ch4,0.04548138315037462
HAT707_634,1,W4-17_oh,1,W4-17_ch2ch,-1,W4-17_hco,-1,W4-17_ch3,0.05418244664025007
HAT707_635,1,W4-17_oh,1,W4-17_fccf,-1,W4-17_hco,-1,W4-17_cf2,0.07156863760628324
HAT707_636,1,W4-17_oh,1,W4-17_hccf,-1,W4-17_hof,-1,W4-17_cch,-0.1288586069214888
HAT707_637,1,W4-17_oh,1,W4-17_c2h2,-1,W4-17_hco,-1,W4-17_ch2-trip,-0.06783961039633663
HAT707_638,1,W4-17_oh,1,W4-17_ccl2,-1,W4-17_hco,-1,W4-17_cl2,0.0870265709124723
HAT707_639,1,W4-17_oh,1,W4-17_cf2,-1,W4-17_hco,-1,W4-17_f2,-0.07574387320032605
HAT707_640,1,W4-17_oh,1,W4-17_cf2,-1,W4-17_hof,-1,W4-17_cf,-0.1189145343616312
HAT707_641,1,W4-17_oh,1,W4-17_ch2-trip,-1,W4-17_hco,-1,W4-17_h2,0.1449539807763867
HAT707_642,1,W4-17_oh,1,W4-17_sif,-1,W4-17_hof,-1,W4-17_si,-0.1454320611879183
HAT707_643,1,W4-17_oh,1,W4-17_clcn,-1,W4-17_hocl,-1,W4-17_cn,-0.07182361382576678
HAT707_644,1,W4-17_oh,1,W4-17_cf,-1,W4-17_hof,-1,W4-17_c,-0.1295279194976331
HAT707_645,1,W4-17_oh,1,W4-17_cf,-1,W4-17_hco,-1,W4-17_f,0.06293131817127868
HAT707_646,1,W4-17_oh,1,W4-17_bf,-1,W4-17_hof,-1,W4-17_b,-0.208873331798164
HAT707_647,1,W4-17_oh,1,W4-17_bn3pi,-1,W4-17_hno,-1,W4-17_b,-0.01136237778073479
HAT707_648,1,W4-17_oh,1,W4-17_s2o,-1,W4-17_hoo,-1,W4-17_s2,-0.05768836965814861
HAT707_649,1,W4-17_oh,1,W4-17_so3,-1,W4-17_hoo,-1,W4-17_so2,-0.0286848246918971
HAT707_650,1,W4-17_oh,1,W4-17_so2,-1,W4-17_hoo,-1,W4-17_so,-0.1049067783037548
HAT707_651,1,W4-17_oh,1,W4-17_so,-1,W4-17_hoo,-1,W4-17_s,-0.0926519837548276
HAT707_652,1,W4-17_oh,1,W4-17_cl2,-1,W4-17_hocl,-1,W4-17_cl,-0.001163329001393604
HAT707_653,1,W4-17_oh,1,W4-17_clf,-1,W4-17_hocl,-1,W4-17_f,-0.00602381318529839
HAT707_654,1,W4-17_oh,1,W4-17_clf,-1,W4-17_hof,-1,W4-17_cl,-0.01808737556961289
HAT707_655,1,W4-17_oh,1,W4-17_f2,-1,W4-17_hof,-1,W4-17_f,0.01976065700997355
HAT707_656,1,W4-17_oh,1,W4-17_o2,-1,W4-17_hoo,-1,W4-17_o,-0.0836640720180332
HAT707_657,1,W4-17_oh,1,W4-17_n2,-1,W4-17_hno,-1,W4-17_n,-0.2068494580560135
HAT707_658,1,W4-17_of,1,W4-17_ch3f,-1,W4-17_f2o,-1,W4-17_ch3,-0.1185320700324059
HAT707_659,1,W4-17_of,1,W4-17_foof,-1,W4-17_f2o,-1,W4-17_fo2,0.03674844763306373
HAT707_660,1,W4-17_of,1,W4-17_fo2,-1,W4-17_f2o,-1,W4-17_o2,0.04272445277720895
HAT707_661,1,W4-17_of,1,W4-17_oclo,-1,W4-17_fo2,-1,W4-17_clo,0.03023061802251599
HAT707_662,1,W4-17_of,1,W4-17_cl2o,-1,W4-17_fo2,-1,W4-17_cl2,0.06364843878857611
HAT707_663,1,W4-17_of,1,W4-17_f2o,-1,W4-17_fo2,-1,W4-17_f2,0.04288381291438616
HAT707_664,1,W4-17_of,1,W4-17_hocl,-1,W4-17_fo2,-1,W4-17_hcl,0.03652534344101563
HAT707_665,1,W4-17_of,1,W4-17_hof,-1,W4-17_fo2,-1,W4-17_hf,0.1029944566576283
HAT707_666,1,W4-17_of,1,W4-17_clo,-1,W4-17_fo2,-1,W4-17_cl,0.02581634222270739
HAT707_667,1,W4-17_of,1,W4-17_of,-1,W4-17_f2o,-1,W4-17_o,-0.01971284896882039
HAT707_668,1,W4-17_of,1,W4-17_of,-1,W4-17_fo2,-1,W4-17_f,0.04552919119152778
HAT707_669,1,W4-17_of,1,W4-17_no2,-1,W4-17_fo2,-1,W4-17_no,0.01037434493023612
HAT707_670,1,W4-17_of,1,W4-17_n2o,-1,W4-17_fo2,-1,W4-17_n2,0.06259666188320655
HAT707_671,1,W4-17_of,1,W4-17_t-hono,-1,W4-17_fo2,-1,W4-17_hno,-0.04001533044519645
HAT707_672,1,W4-17_of,1,W4-17_hnco,-1,W4-17_fo2,-1,W4-17_hcn,-0.06321816641819766
HAT707_673,1,W4-17_of,1,W4-17_no,-1,W4-17_fo2,-1,W4-17_n,-0.1133050575329935
HAT707_674,1,W4-17_of,1,W4-17_oxirene,-1,W4-17_fo2,-1,W4-17_c2h2,0.04956100266211109
HAT707_675,1,W4-17_of,1,W4-17_oxirane,-1,W4-17_fo2,-1,W4-17_c2h4,-0.00922695194256023
HAT707_676,1,W4-17_of,1,W4-17_methanol,-1,W4-17_fo2,-1,W4-17_ch4,-0.01823079969307237
HAT707_677,1,W4-17_of,1,W4-17_t-hcoh,-1,W4-17_fo2,-1,W4-17_ch2-trip,-0.07982349271206253
HAT707_678,1,W4-17_of,1,W4-17_formic,-1,W4-17_fo2,-1,W4-17_t-hcoh,-0.1558223421318721
HAT707_679,1,W4-17_of,1,W4-17_ketene,-1,W4-17_fo2,-1,W4-17_ch2c,-0.1464200940384169
HAT707_680,1,W4-17_of,1,W4-17_glyoxal,-1,W4-17_fo2,-1,W4-17_oxirene,-0.1551849015831633
HAT707_681,1,W4-17_of,1,W4-17_acetaldehyde,-1,W4-17_fo2,-1,W4-17_c2h4,-0.05118647606131859
HAT707_682,1,W4-17_of,1,W4-17_f2co,-1,W4-17_fo2,-1,W4-17_cf2,-0.127822766029837
HAT707_683,1,W4-17_of,1,W4-17_hcof,-1,W4-17_f2o,-1,W4-17_hco,-0.1332569467075797
HAT707_684,1,W4-17_of,1,W4-17_h2co,-1,W4-17_fo2,-1,W4-17_ch2-trip,-0.1629776122911287
HAT707_685,1,W4-17_of,1,W4-17_hco,-1,W4-17_fo2,-1,W4-17_ch,-0.1809693717784353
HAT707_686,1,W4-17_of,1,W4-17_ocs,-1,W4-17_fo2,-1,W4-17_cs,-0.1304840803206963
HAT707_687,1,W4-17_of,1,W4-17_co2,-1,W4-17_fo2,-1,W4-17_co,-0.07771993890132343
HAT707_688,1,W4-17_of,1,W4-17_sio,-1,W4-17_fo2,-1,W4-17_si,-0.1775431288291253
HAT707_689,1,W4-17_of,1,W4-17_co,-1,W4-17_fo2,-1,W4-17_c,-0.2837885322851687
HAT707_690,1,W4-17_of,1,W4-17_alf,-1,W4-17_f2o,-1,W4-17_al,-0.1961404568377052
HAT707_691,1,W4-17_of,1,W4-17_t-hooo,-1,W4-17_fo2,-1,W4-17_hoo,0.03805520075791681
HAT707_692,1,W4-17_of,1,W4-17_o3,-1,W4-17_fo2,-1,W4-17_o2,0.0877118195023342
HAT707_693,1,W4-17_of,1,W4-17_hooh,-1,W4-17_fo2,-1,W4-17_h2o,0.07255667045678194
HAT707_694,1,W4-17_of,1,W4-17_h2o,-1,W4-17_fo2,-1,W4-17_h2,-0.06667628139494303
HAT707_695,1,W4-17_of,1,W4-17_c2h3f,-1,W4-17_f2o,-1,W4-17_ch2ch,-0.1388186154950642
HAT707_696,1,W4-17_of,1,W4-17_hccf,-1,W4-17_f2o,-1,W4-17_cch,-0.1459738856543208
HAT707_697,1,W4-17_of,1,W4-17_cf2,-1,W4-17_f2o,-1,W4-17_cf,-0.1360298130944631
HAT707_698,1,W4-17_of,1,W4-17_sif,-1,W4-17_f2o,-1,W4-17_si,-0.1625473399207502
HAT707_699,1,W4-17_of,1,W4-17_cf,-1,W4-17_f2o,-1,W4-17_c,-0.146643198230465
HAT707_700,1,W4-17_of,1,W4-17_bf,-1,W4-17_f2o,-1,W4-17_b,-0.225988610530996
HAT707_701,1,W4-17_of,1,W4-17_s2o,-1,W4-17_fo2,-1,W4-17_s2,-0.03646159938614475
HAT707_702,1,W4-17_of,1,W4-17_so3,-1,W4-17_fo2,-1,W4-17_so2,-0.007458054419893245
HAT707_703,1,W4-17_of,1,W4-17_so2,-1,W4-17_fo2,-1,W4-17_so,-0.0836800080317509
HAT707_704,1,W4-17_of,1,W4-17_so,-1,W4-17_fo2,-1,W4-17_s,-0.07142521348282377
HAT707_705,1,W4-17_of,1,W4-17_clf,-1,W4-17_f2o,-1,W4-17_cl,-0.03520265430244482
HAT707_706,1,W4-17_of,1,W4-17_f2,-1,W4-17_f2o,-1,W4-17_f,0.002645378277141621
HAT707_707,1,W4-17_of,1,W4-17_o2,-1,W4-17_fo2,-1,W4-17_o,-0.06243730174602934
ISOMERIZATION20_1,1,W4-17_oclo,-1,W4-17_cloo,-0.002772866386883386
ISOMERIZATION20_2,1,W4-17_t-hono,-1,W4-17_c-hono,-0.0006852485898619863
ISOMERIZATION20_3,1,W4-17_hcn,-1,W4-17_hnc,-0.02423867686465305
ISOMERIZATION20_4,1,W4-17_hnco,-1,W4-17_hocn,-0.03931414584161674
ISOMERIZATION20_5,1,W4-17_hnco,-1,W4-17_honc,-0.1348027400381986
ISOMERIZATION20_6,1,W4-17_hnco,-1,W4-17_hcno,-0.1111855677085367
ISOMERIZATION20_7,1,W4-17_hocn,-1,W4-17_honc,-0.0954885941965819
ISOMERIZATION20_8,1,W4-17_hocn,-1,W4-17_hcno,-0.07187142186691995
ISOMERIZATION20_9,1,W4-17_hcno,-1,W4-17_honc,-0.02361717232966194
ISOMERIZATION20_10,1,W4-17_h2co,-1,W4-17_t-hcoh,-0.0831541195790661
ISOMERIZATION20_11,1,W4-17_t-hcoh,-1,W4-17_c-hcoh,-0.007697094625659053
ISOMERIZATION20_12,1,W4-17_c2h2,-1,W4-17_ch2c,-0.07265228653908826
ISOMERIZATION20_13,1,W4-17_t-hooo,-1,W4-17_c-hooo,-0.0003346562880721327
ISOMERIZATION20_14,1,W4-17_t-n2h2,-1,W4-17_c-n2h2,-0.00860544740756913
ISOMERIZATION20_15,1,W4-17_propyne,-1,W4-17_allene,-0.002390402057658092
ISOMERIZATION20_16,1,W4-17_formic,-1,W4-17_dioxirane,-0.1464041580246993
ISOMERIZATION20_17,1,W4-17_ketene,-1,W4-17_oxirene,-0.1233288101614398
ISOMERIZATION20_18,1,W4-17_acetaldehyde,-1,W4-17_oxirane,-0.04197546013247608
ISOMERIZATION20_19,1,W4-17_h2cn,-1,W4-17_hcnh,-0.01195201028829046
ISOMERIZATION20_20,1,W4-17_ch2nh2,-1,W4-17_ch3nh,-0.01219105049405627
SN13_1,1,W4-17_ch3f,1,W4-17_h,-1,W4-17_f,-1,W4-17_ch4,-0.004047747484301035
SN13_2,1,W4-17_ch2f2,1,W4-17_h,-1,W4-17_f,-1,W4-17_ch3f,-0.02344187617876702
SN13_3,1,W4-17_ch3f,1,W4-17_ch3,-1,W4-17_f,-1,W4-17_c2h6,-0.02828642434895408
SN13_4,1,W4-17_ch2f2,1,W4-17_ch3,-1,W4-17_f,-1,W4-17_c2h5f,-0.03831017697740035
SN13_5,1,W4-17_c2h5f,1,W4-17_ch3,-1,W4-17_f,-1,W4-17_propane,-0.03419868543822843
SN13_6,1,W4-17_ch3f,1,W4-17_nh2,-1,W4-17_f,-1,W4-17_ch3nh2,-0.03705123189370041
SN13_7,1,W4-17_ch3f,1,W4-17_nh,-1,W4-17_f,-1,W4-17_ch3nh,-0.05008689111479587
SN13_8,1,W4-17_ch3f,1,W4-17_oh,-1,W4-17_f,-1,W4-17_methanol,-0.02656533486744026
SN13_9,1,W4-17_ch3f,1,W4-17_hco,-1,W4-17_f,-1,W4-17_acetaldehyde,-0.03907510563585093
SN13_10,1,W4-17_ch3,1,W4-17_hcof,-1,W4-17_f,-1,W4-17_acetaldehyde,-0.05378404629730706
SN13_11,1,W4-17_hcof,1,W4-17_h,-1,W4-17_f,-1,W4-17_h2co,-0.04634192789113153
SN13_12,1,W4-17_f2co,1,W4-17_h,-1,W4-17_f,-1,W4-17_hcof,-0.02691592716923011
SN13_13,1,W4-17_hcof,1,W4-17_hco,-1,W4-17_f,-1,W4-17_glyoxal,-0.07658848192736524
